created_at,entry_id,field1,field2,field3,field4,field5,field6,field7,field8
2018-04-10 07:52:19 UTC,1,10.0,1.0,144.0,0.01,25.32,61.16,-876.0,24.42
2018-04-10 12:21:55 UTC,2,2.0,0.0,28.0,-0.0,25.07,59.53,-1084.0,24.26
2018-04-10 12:31:55 UTC,3,125.0,40.0,1685.0,0.05,21.44,67.86,-540.0,21.71
2018-04-10 12:41:56 UTC,4,105.0,33.0,1419.0,0.05,22.16,66.78,-540.0,21.77
2018-04-10 12:51:55 UTC,5,174.0,55.0,2349.0,0.09,21.5,69.54,-540.0,21.77
2018-04-10 13:01:55 UTC,6,314.0,109.0,4177.0,0.13,21.56,69.23,-540.0,21.82
2018-04-10 13:11:54 UTC,7,377.0,140.0,4932.0,0.13,21.72,68.79,-541.0,21.77
2018-04-10 13:21:54 UTC,8,622.0,239.0,8065.0,0.17,21.25,70.81,-540.0,21.71
2018-04-10 13:31:54 UTC,9,707.0,276.0,9128.0,0.25,21.77,69.36,-539.0,21.66
2018-04-10 13:41:53 UTC,10,719.0,281.0,9280.0,0.25,21.7,69.34,-539.0,21.66
2018-04-10 13:51:53 UTC,11,777.0,306.0,10008.0,0.25,21.5,69.51,-539.0,21.66
2018-04-10 14:01:52 UTC,12,753.0,294.0,9721.0,0.25,21.72,69.47,-538.0,21.66
2018-04-10 14:11:52 UTC,13,920.0,358.0,11888.0,0.33,22.17,68.71,-538.0,21.66
2018-04-10 14:21:52 UTC,14,1037.0,404.0,13396.0,0.33,22.08,69.34,-537.0,21.71
2018-04-10 14:31:52 UTC,15,1114.0,438.0,14354.0,0.37,21.33,71.82,-536.0,21.77
2018-04-10 14:41:52 UTC,16,645.0,266.0,8199.0,0.21,21.91,69.89,-535.0,21.77
2018-04-10 14:51:52 UTC,17,808.0,338.0,10228.0,0.25,20.72,73.1,-535.0,21.82
2018-04-10 15:01:52 UTC,18,1275.0,521.0,16251.0,0.41,21.98,68.72,-535.0,21.82
2018-04-10 15:11:52 UTC,19,1255.0,508.0,16040.0,0.37,21.76,69.36,-536.0,21.88
2018-04-10 15:21:52 UTC,20,1196.0,485.0,15278.0,0.37,21.88,69.27,-532.0,21.93
2018-04-10 15:31:52 UTC,21,995.0,427.0,12498.0,0.29,21.56,71.32,-533.0,21.93
2018-04-10 15:41:52 UTC,22,1946.0,801.0,24751.0,0.58,22.4,68.27,-532.0,21.98
2018-04-10 15:51:53 UTC,23,2474.0,1007.0,31569.0,0.73,22.66,67.73,-531.0,22.04
2018-04-10 16:01:53 UTC,24,2667.0,1060.0,31569.0,0.78,22.95,66.49,-530.0,22.09
2018-04-10 16:11:55 UTC,25,2115.0,871.0,26897.0,0.59,22.97,64.88,-529.0,22.15
2018-04-10 16:21:56 UTC,26,1946.0,799.0,24769.0,0.54,23.67,64.37,-528.0,22.2
2018-04-10 16:31:57 UTC,27,2134.0,855.0,27353.0,0.62,23.49,64.49,-527.0,22.25
2018-04-10 16:41:59 UTC,28,1831.0,742.0,23394.0,0.55,23.13,64.88,-526.0,22.31
2018-04-10 16:52:00 UTC,29,1913.0,770.0,24489.0,0.58,23.15,64.67,-524.0,22.36
2018-04-10 17:02:01 UTC,30,2236.0,912.0,28515.0,0.67,23.09,65.39,-524.0,22.42
2018-04-10 17:12:04 UTC,31,2298.0,940.0,29281.0,0.64,23.01,65.89,-523.0,22.47
2018-04-10 17:22:05 UTC,32,2167.0,888.0,27598.0,0.6,23.97,64.18,-522.0,22.52
2018-04-10 17:32:07 UTC,33,2595.0,1070.0,27598.0,0.74,23.03,64.15,-522.0,22.58
2018-04-10 17:42:08 UTC,34,3266.0,1670.0,27598.0,1.22,24.56,61.71,-520.0,22.69
2018-04-10 17:52:11 UTC,35,3405.0,1531.0,27598.0,1.09,24.62,61.41,-519.0,22.74
2018-04-10 18:02:14 UTC,36,3110.0,1826.0,27598.0,1.25,24.78,61.24,-517.0,22.9
2018-04-10 18:12:18 UTC,37,3263.0,1272.0,27598.0,0.91,23.96,64.48,-514.0,22.96
2018-04-10 18:22:21 UTC,38,3349.0,1292.0,27598.0,0.97,23.7,65.36,-513.0,23.07
2018-04-10 18:32:24 UTC,39,3555.0,1381.0,27598.0,1.05,22.18,67.4,-512.0,23.17
2018-04-10 18:42:26 UTC,40,1561.0,630.0,19967.0,0.42,23.29,67.61,-512.0,23.23
2018-04-10 18:52:29 UTC,41,3130.0,1197.0,19967.0,0.93,22.61,66.57,-512.0,23.28
2018-04-10 19:02:31 UTC,42,2180.0,853.0,28128.0,0.64,22.53,68.09,-511.0,23.34
2018-04-10 19:12:33 UTC,43,2401.0,939.0,30983.0,0.72,23.24,66.3,-512.0,23.39
2018-04-10 19:22:36 UTC,44,1187.0,483.0,15148.0,0.36,23.04,66.2,-511.0,23.39
2018-04-10 19:32:37 UTC,45,1088.0,432.0,13981.0,0.31,22.7,68.0,-511.0,23.44
2018-04-10 19:42:39 UTC,46,1153.0,438.0,14995.0,0.38,22.2,68.29,-512.0,23.44
2018-04-10 19:52:40 UTC,47,1178.0,470.0,15117.0,0.35,22.51,68.21,-512.0,23.5
2018-04-10 20:02:41 UTC,48,2168.0,869.0,27786.0,0.63,21.96,68.61,-512.0,23.5
2018-04-10 20:12:42 UTC,49,1930.0,774.0,24732.0,0.58,22.88,66.9,-512.0,23.5
2018-04-10 20:22:43 UTC,50,1644.0,653.0,21124.0,0.5,23.59,63.78,-511.0,23.5
2018-04-10 20:32:46 UTC,51,1422.0,555.0,18360.0,0.43,23.29,64.61,-511.0,23.55
2018-04-10 20:42:47 UTC,52,1442.0,560.0,18644.0,0.44,23.24,65.12,-511.0,23.55
2018-04-10 20:52:48 UTC,53,1260.0,505.0,16149.0,0.4,24.56,62.39,-510.0,23.55
2018-04-10 21:02:50 UTC,54,1161.0,467.0,14865.0,0.36,23.83,63.32,-509.0,23.55
2018-04-10 21:12:51 UTC,55,1024.0,416.0,13074.0,0.31,22.92,64.8,-509.0,23.61
2018-04-10 21:22:52 UTC,56,1124.0,473.0,14203.0,0.31,24.17,61.67,-509.0,23.61
2018-04-10 21:32:54 UTC,57,1053.0,444.0,13298.0,0.32,24.75,60.8,-509.0,23.66
2018-04-10 21:42:55 UTC,58,935.0,392.0,11828.0,0.28,24.3,60.43,-509.0,23.66
2018-04-10 21:52:56 UTC,59,678.0,277.0,8642.0,0.19,25.15,58.9,-508.0,23.66
2018-04-10 22:02:58 UTC,60,592.0,259.0,7391.0,0.14,25.41,60.28,-508.0,23.71
2018-04-10 22:12:59 UTC,61,451.0,200.0,5607.0,0.14,24.55,61.71,-507.0,23.71
2018-04-10 22:23:00 UTC,62,517.0,220.0,6511.0,0.18,23.24,63.33,-508.0,23.71
2018-04-10 22:33:01 UTC,63,368.0,162.0,4585.0,0.11,23.53,64.35,-508.0,23.71
2018-04-10 22:43:02 UTC,64,219.0,97.0,2724.0,0.06,22.77,66.45,-508.0,23.66
2018-04-10 22:53:03 UTC,65,101.0,42.0,1281.0,0.02,23.2,65.29,-508.0,23.66
2018-04-10 23:03:03 UTC,66,37.0,18.0,446.0,0.02,22.25,68.15,-509.0,23.66
2018-04-10 23:13:03 UTC,67,7.0,4.0,79.0,-0.02,23.09,66.09,-508.0,23.66
2018-04-10 23:23:03 UTC,68,1.0,0.0,14.0,-0.02,23.8,64.15,-508.0,23.61
2018-04-10 23:33:03 UTC,69,0.0,0.0,0.0,-0.02,23.76,63.37,-509.0,23.61
2018-04-10 23:43:04 UTC,70,0.0,0.0,0.0,-0.02,23.68,62.89,-508.0,23.61
2018-04-10 23:53:04 UTC,71,0.0,0.0,0.0,-0.02,23.45,65.83,-509.0,23.55
2018-04-11 00:03:04 UTC,72,0.0,0.0,0.0,-0.02,23.62,64.97,-509.0,23.55
2018-04-11 00:13:09 UTC,73,0.0,0.0,0.0,-0.02,23.24,64.78,-509.0,23.5
2018-04-11 00:23:04 UTC,74,0.0,0.0,0.0,-0.02,22.86,65.56,-509.0,23.5
2018-04-11 00:33:04 UTC,75,0.0,0.0,0.0,-0.02,23.0,65.58,-509.0,23.5
2018-04-11 00:43:04 UTC,76,0.0,0.0,0.0,-0.02,22.37,67.45,-509.0,23.44
2018-04-11 00:53:04 UTC,77,0.0,0.0,0.0,-0.02,22.41,67.2,-509.0,23.44
2018-04-11 01:03:04 UTC,78,0.0,0.0,0.0,-0.02,22.67,66.13,-509.0,23.39
2018-04-11 01:13:04 UTC,79,0.0,0.0,0.0,-0.01,23.38,64.68,-509.0,23.39
2018-04-11 01:23:03 UTC,80,0.0,0.0,0.0,-0.02,23.42,65.03,-509.0,23.39
2018-04-11 01:33:03 UTC,81,0.0,0.0,0.0,-0.02,22.75,66.24,-509.0,23.34
2018-04-11 01:43:03 UTC,82,0.0,0.0,0.0,-0.02,22.71,66.62,-510.0,23.34
2018-04-11 01:53:03 UTC,83,0.0,0.0,0.0,-0.02,22.94,65.42,-510.0,23.34
2018-04-11 02:03:03 UTC,84,0.0,0.0,0.0,-0.02,22.88,65.17,-510.0,23.28
2018-04-11 02:13:03 UTC,85,0.0,0.0,0.0,-0.02,22.8,66.27,-510.0,23.28
2018-04-11 02:23:02 UTC,86,0.0,0.0,0.0,-0.02,22.59,67.17,-510.0,23.23
2018-04-11 02:33:02 UTC,87,0.0,0.0,0.0,-0.02,22.69,66.28,-510.0,23.23
2018-04-11 02:43:02 UTC,88,0.0,0.0,0.0,-0.04,22.66,66.31,-511.0,23.17
2018-04-11 02:53:01 UTC,89,0.0,0.0,0.0,-0.02,22.68,66.56,-510.0,23.17
2018-04-11 03:03:01 UTC,90,0.0,0.0,0.0,-0.02,22.77,66.26,-511.0,23.17
2018-04-11 03:13:01 UTC,91,0.0,0.0,0.0,-0.02,22.68,66.2,-511.0,23.17
2018-04-11 03:23:01 UTC,92,0.0,0.0,0.0,-0.02,22.96,64.97,-511.0,23.12
2018-04-11 03:33:01 UTC,93,0.0,0.0,0.0,-0.02,22.94,64.96,-511.0,23.12
2018-04-11 03:43:00 UTC,94,0.0,0.0,0.0,-0.02,22.68,65.07,-511.0,23.12
2018-04-11 03:53:00 UTC,95,0.0,0.0,0.0,0.02,22.28,66.39,-511.0,23.07
2018-04-11 04:03:00 UTC,96,0.0,0.0,0.0,-0.02,22.9,65.08,-511.0,23.07
2018-04-11 04:13:00 UTC,97,0.0,0.0,0.0,0.02,22.4,65.96,-511.0,23.07
2018-04-11 04:22:59 UTC,98,0.0,0.0,0.0,0.02,22.83,64.94,-511.0,23.07
2018-04-11 04:32:59 UTC,99,0.0,0.0,0.0,0.02,22.46,66.57,-512.0,23.01
2018-04-11 04:42:59 UTC,100,0.0,0.0,0.0,-0.02,22.37,67.15,-512.0,23.01
2018-04-11 04:52:58 UTC,101,0.0,0.0,0.0,0.02,22.34,66.76,-512.0,22.96
2018-04-11 05:02:58 UTC,102,0.0,0.0,0.0,0.02,22.17,66.76,-512.0,22.96
2018-04-11 05:12:58 UTC,103,0.0,0.0,0.0,0.02,22.48,66.13,-512.0,22.96
2018-04-11 05:22:57 UTC,104,0.0,0.0,0.0,0.02,22.13,67.17,-512.0,22.9
2018-04-11 05:32:57 UTC,105,0.0,0.0,0.0,0.02,21.96,67.76,-512.0,22.9
2018-04-11 05:42:57 UTC,106,0.0,0.0,0.0,0.02,22.12,67.51,-512.0,22.9
2018-04-11 05:52:56 UTC,107,0.0,0.0,0.0,0.02,22.44,66.05,-512.0,22.85
2018-04-11 06:02:56 UTC,108,0.0,0.0,0.0,0.02,22.56,65.26,-513.0,22.85
2018-04-11 06:12:55 UTC,109,0.0,0.0,0.0,0.01,22.31,66.72,-513.0,22.85
2018-04-11 06:22:55 UTC,110,0.0,0.0,0.0,0.02,22.16,67.18,-513.0,22.8
2018-04-11 06:32:55 UTC,111,0.0,0.0,0.0,0.02,22.35,65.83,-513.0,22.8
2018-04-11 06:42:54 UTC,112,0.0,0.0,0.0,0.02,22.63,65.52,-513.0,22.8
2018-04-11 06:52:54 UTC,113,0.0,0.0,0.0,0.02,22.62,65.55,-513.0,22.8
2018-04-11 07:02:54 UTC,114,0.0,0.0,0.0,0.02,22.12,66.72,-514.0,22.74
2018-04-11 07:12:53 UTC,115,0.0,0.0,0.0,0.02,22.06,66.71,-513.0,22.74
2018-04-11 07:22:53 UTC,116,0.0,0.0,0.0,0.02,21.9,67.24,-514.0,22.74
2018-04-11 07:32:52 UTC,117,0.0,0.0,0.0,0.02,21.91,66.64,-514.0,22.69
2018-04-11 07:42:52 UTC,118,0.0,0.0,0.0,0.02,22.36,65.37,-514.0,22.69
2018-04-11 07:52:51 UTC,119,0.0,0.0,0.0,0.02,22.24,65.87,-514.0,22.69
2018-04-11 08:02:50 UTC,120,0.0,0.0,0.0,0.02,22.18,66.31,-514.0,22.63
2018-04-11 08:12:50 UTC,121,0.0,0.0,0.0,0.02,21.86,66.85,-514.0,22.63
2018-04-11 08:22:49 UTC,122,0.0,0.0,0.0,0.02,21.76,66.98,-514.0,22.63
2018-04-11 08:32:49 UTC,123,0.0,0.0,0.0,-0.02,21.71,67.6,-515.0,22.58
2018-04-11 08:42:48 UTC,124,0.0,0.0,0.0,-0.0,22.14,65.84,-514.0,22.58
2018-04-11 08:52:48 UTC,125,0.0,0.0,0.0,0.02,22.28,65.32,-514.0,22.58
2018-04-11 09:02:47 UTC,126,0.0,0.0,0.0,0.02,22.17,66.28,-514.0,22.52
2018-04-11 09:12:47 UTC,127,0.0,0.0,0.0,0.05,21.83,66.57,-514.0,22.52
2018-04-11 09:22:46 UTC,128,0.0,0.0,0.0,0.02,21.92,67.07,-514.0,22.52
2018-04-11 09:32:46 UTC,129,0.0,0.0,0.0,0.02,22.0,65.97,-515.0,22.52
2018-04-11 09:42:45 UTC,130,0.0,0.0,0.0,0.02,22.16,65.18,-514.0,22.47
2018-04-11 09:52:45 UTC,131,0.0,0.0,0.0,0.02,22.14,64.91,-514.0,22.52
2018-04-11 10:02:44 UTC,132,0.0,0.0,0.0,0.02,21.84,67.09,-515.0,22.47
2018-04-11 10:12:43 UTC,133,0.0,0.0,0.0,0.02,22.31,65.18,-514.0,22.47
2018-04-11 10:22:43 UTC,134,0.0,0.0,0.0,0.02,22.0,65.45,-514.0,22.42
2018-04-11 10:32:42 UTC,135,0.0,0.0,0.0,0.02,22.31,65.58,-514.0,22.42
2018-04-11 10:42:42 UTC,136,0.0,0.0,0.0,0.02,21.61,68.05,-514.0,22.42
2018-04-11 10:52:42 UTC,137,1.0,0.0,14.0,0.02,21.32,70.39,-514.0,22.42
2018-04-11 11:02:41 UTC,138,1.0,1.0,6.0,0.02,21.82,69.01,-515.0,22.42
2018-04-11 11:12:41 UTC,139,7.0,2.0,96.0,0.02,22.04,68.47,-515.0,22.36
2018-04-11 11:22:40 UTC,140,12.0,4.0,161.0,0.02,21.48,70.57,-515.0,22.36
2018-04-11 11:32:40 UTC,141,20.0,7.0,266.0,0.05,21.77,69.54,-514.0,22.31
2018-04-11 11:42:43 UTC,142,36.0,13.0,474.0,0.05,21.76,69.22,-515.0,22.25
2018-04-11 11:52:41 UTC,143,52.0,18.0,692.0,0.05,21.25,71.02,-515.0,22.2
2018-04-11 12:02:45 UTC,144,75.0,26.0,998.0,0.05,20.71,71.87,-515.0,22.2
2018-04-11 12:12:37 UTC,145,88.0,31.0,1166.0,0.06,21.5,70.19,-515.0,22.15
2018-04-11 12:22:36 UTC,146,105.0,39.0,1374.0,0.14,21.44,70.31,-514.0,22.09
2018-04-11 15:47:13 UTC,147,2062.0,834.0,26360.0,0.58,23.91,67.25,-501.0,22.8
2018-04-11 15:57:14 UTC,148,3289.0,1297.0,26360.0,0.95,22.76,69.13,-500.0,22.9
2018-04-11 16:07:18 UTC,149,3483.0,1453.0,26360.0,1.02,22.89,65.81,-499.0,22.96
2018-04-11 16:17:19 UTC,150,2609.0,1011.0,26360.0,0.97,23.0,66.13,-499.0,23.01
2018-04-11 16:27:21 UTC,151,2333.0,987.0,29432.0,0.62,22.24,67.71,-497.0,23.07
2018-04-11 16:37:23 UTC,152,3499.0,1389.0,29432.0,0.99,24.28,61.22,-496.0,23.12
2018-04-11 16:47:26 UTC,153,3144.0,1792.0,29432.0,1.28,23.12,64.7,-496.0,23.23
2018-04-11 16:57:29 UTC,154,3540.0,1351.0,29432.0,1.02,23.28,66.25,-495.0,23.28
2018-04-11 17:07:32 UTC,155,2201.0,891.0,28130.0,0.58,23.02,67.05,-495.0,23.34
2018-04-11 17:17:35 UTC,156,2037.0,834.0,25949.0,0.54,21.87,71.7,-495.0,23.39
2018-04-11 17:27:37 UTC,157,3158.0,1778.0,25949.0,1.4,22.84,68.39,-496.0,23.44
2018-04-11 17:37:40 UTC,158,3158.0,4936.0,847.0,2.35,24.43,63.43,-491.0,23.61
2018-04-11 17:47:44 UTC,159,2377.0,888.0,31050.0,0.71,23.93,64.12,-491.0,23.66
2018-04-11 17:57:47 UTC,160,2590.0,2346.0,19509.0,1.65,24.33,64.13,-488.0,23.77
2018-04-11 18:07:51 UTC,161,2590.0,4936.0,847.0,2.6,24.44,62.63,-485.0,23.93
2018-04-11 18:17:57 UTC,162,1596.0,3340.0,5666.0,1.58,25.07,59.65,-482.0,24.09
2018-04-11 18:28:03 UTC,163,3171.0,1199.0,5666.0,0.76,24.65,61.51,-479.0,24.31
2018-04-11 18:38:10 UTC,164,3171.0,4935.0,847.0,1.9,24.75,61.62,-477.0,24.53
2018-04-11 18:58:21 UTC,165,2851.0,1059.0,24892.0,0.88,24.76,57.65,-478.0,24.74
2018-04-11 19:08:24 UTC,166,1163.0,495.0,14645.0,0.27,23.9,64.01,-479.0,24.8
2018-04-11 19:18:27 UTC,167,2849.0,1105.0,14645.0,0.84,23.76,65.67,-481.0,24.85
2018-04-11 19:28:30 UTC,168,2852.0,1041.0,14645.0,0.88,24.36,63.88,-481.0,24.85
2018-04-11 19:38:33 UTC,169,2339.0,859.0,30687.0,0.75,24.62,62.28,-481.0,24.85
2018-04-11 19:48:35 UTC,170,2370.0,931.0,30546.0,0.72,24.14,63.23,-482.0,24.9
2018-04-11 19:58:39 UTC,171,1818.0,723.0,23352.0,0.51,24.13,63.37,-482.0,24.9
2018-04-11 20:08:41 UTC,172,1999.0,790.0,25722.0,0.56,23.96,63.9,-481.0,24.9
2018-04-11 20:18:43 UTC,173,1946.0,762.0,25103.0,0.56,23.86,63.82,-483.0,24.9
2018-04-11 20:28:45 UTC,174,1305.0,550.0,16482.0,0.31,23.65,63.87,-483.0,24.9
2018-04-11 20:38:47 UTC,175,444.0,186.0,5618.0,0.05,22.69,67.77,-481.0,24.85
2018-04-11 20:48:49 UTC,176,572.0,216.0,7451.0,0.14,23.08,68.83,-484.0,24.85
2018-04-11 20:58:50 UTC,177,315.0,124.0,4058.0,-0.02,22.44,71.85,-485.0,24.8
2018-04-11 21:08:51 UTC,178,354.0,133.0,4617.0,0.1,22.4,70.18,-486.0,24.8
2018-04-11 21:18:52 UTC,179,242.0,92.0,3147.0,0.06,22.68,69.76,-487.0,24.74
2018-04-11 21:28:52 UTC,180,304.0,118.0,3931.0,0.06,22.27,71.3,-487.0,24.74
2018-04-11 21:38:53 UTC,181,339.0,127.0,4425.0,0.1,23.4,68.21,-488.0,24.69
2018-04-11 21:48:53 UTC,182,359.0,134.0,4690.0,0.1,23.03,69.48,-488.0,24.63
2018-04-11 21:58:53 UTC,183,183.0,69.0,2385.0,-0.15,22.68,70.23,-488.0,24.58
2018-04-11 22:08:54 UTC,184,202.0,79.0,2607.0,0.06,23.13,69.38,-489.0,24.53
2018-04-11 22:18:54 UTC,185,185.0,76.0,2354.0,0.06,22.55,70.39,-489.0,24.53
2018-04-11 22:28:54 UTC,186,232.0,90.0,3000.0,0.05,23.11,67.04,-490.0,24.47
2018-04-11 22:38:54 UTC,187,172.0,65.0,2240.0,0.05,23.0,68.25,-490.0,24.47
2018-04-11 22:48:55 UTC,188,99.0,37.0,1293.0,0.05,23.5,67.35,-490.0,24.42
2018-04-11 22:58:54 UTC,189,42.0,14.0,563.0,0.02,23.06,68.26,-490.0,24.36
2018-04-11 23:08:55 UTC,190,13.0,3.0,181.0,0.01,23.28,67.76,-491.0,24.31
2018-04-11 23:18:54 UTC,191,1.0,1.0,6.0,0.01,22.23,70.02,-492.0,24.26
2018-04-11 23:28:54 UTC,192,0.0,0.0,0.0,-0.01,22.88,67.96,-493.0,24.26
2018-04-11 23:38:54 UTC,193,0.0,0.0,0.0,-0.07,22.89,68.28,-493.0,24.2
2018-04-11 23:48:54 UTC,194,0.0,0.0,0.0,0.0,23.05,67.33,-494.0,24.15
2018-04-11 23:58:53 UTC,195,0.0,0.0,0.0,-0.02,23.03,66.8,-494.0,24.15
2018-04-12 00:08:53 UTC,196,0.0,0.0,0.0,-0.0,22.4,67.89,-493.0,24.09
2018-04-12 00:18:53 UTC,197,0.0,0.0,0.0,0.01,22.48,68.11,-494.0,24.04
2018-04-12 00:28:52 UTC,198,0.0,0.0,0.0,0.08,22.53,67.85,-494.0,23.98
2018-04-12 00:38:52 UTC,199,0.0,0.0,0.0,-0.01,22.38,68.19,-495.0,23.93
2018-04-12 00:48:52 UTC,200,0.0,0.0,0.0,-0.02,22.13,68.43,-495.0,23.93
2018-04-12 00:58:51 UTC,201,0.0,0.0,0.0,-0.02,22.4,67.14,-494.0,23.88
2018-04-12 01:08:50 UTC,202,0.0,0.0,0.0,0.05,22.1,68.9,-495.0,23.82
2018-04-12 01:18:50 UTC,203,0.0,0.0,0.0,0.02,22.32,67.95,-495.0,23.77
2018-04-12 02:25:22 UTC,204,0.0,0.0,0.0,0.01,22.19,67.61,-495.0,23.55
2018-04-12 02:35:22 UTC,205,0.0,0.0,0.0,-0.0,21.89,67.55,-495.0,23.55
2018-04-12 02:45:21 UTC,206,0.0,0.0,0.0,-0.01,22.24,66.98,-498.0,23.5
2018-04-12 02:55:21 UTC,207,0.0,0.0,0.0,0.02,21.79,67.95,-498.0,23.5
2018-04-12 03:05:21 UTC,208,0.0,0.0,0.0,-0.02,21.88,68.27,-498.0,23.44
2018-04-12 03:15:20 UTC,209,0.0,0.0,0.0,-0.01,21.64,68.1,-497.0,23.39
2018-04-12 03:25:20 UTC,210,0.0,0.0,0.0,0.02,21.97,67.14,-497.0,23.39
2018-04-12 03:35:19 UTC,211,0.0,0.0,0.0,0.0,22.07,67.49,-498.0,23.34
2018-04-12 03:45:19 UTC,212,0.0,0.0,0.0,0.02,21.76,68.09,-500.0,23.34
2018-04-12 03:55:18 UTC,213,0.0,0.0,0.0,0.0,22.09,66.92,-497.0,23.28
2018-04-12 04:05:18 UTC,214,0.0,0.0,0.0,0.0,22.01,66.96,-499.0,23.23
2018-04-12 04:15:17 UTC,215,0.0,0.0,0.0,-0.01,21.89,67.64,-497.0,23.23
2018-04-12 04:25:17 UTC,216,0.0,0.0,0.0,-0.02,21.46,68.2,-500.0,23.17
2018-04-12 04:35:16 UTC,217,0.0,0.0,0.0,0.02,21.58,68.11,-500.0,23.17
2018-04-12 04:45:16 UTC,218,0.0,0.0,0.0,-0.02,21.63,67.76,-500.0,23.12
2018-04-12 04:55:15 UTC,219,0.0,0.0,0.0,0.01,21.44,68.19,-500.0,23.12
2018-04-12 05:05:15 UTC,220,0.0,0.0,0.0,-0.06,21.65,66.72,-499.0,23.07
2018-04-12 05:15:14 UTC,221,0.0,0.0,0.0,-0.0,21.31,66.8,-500.0,23.07
2018-04-12 05:25:13 UTC,222,0.0,0.0,0.0,-0.0,22.22,64.55,-501.0,23.01
2018-04-12 05:35:13 UTC,223,0.0,0.0,0.0,-0.02,21.44,69.12,-501.0,23.01
2018-04-12 05:45:12 UTC,224,0.0,0.0,0.0,-0.0,21.28,68.9,-501.0,22.96
2018-04-12 05:55:12 UTC,225,0.0,0.0,0.0,0.01,21.44,68.82,-501.0,22.96
2018-04-12 06:05:11 UTC,226,0.0,0.0,0.0,0.01,22.26,66.71,-500.0,22.96
2018-04-12 06:15:11 UTC,227,0.0,0.0,0.0,0.01,21.4,68.7,-501.0,22.9
2018-04-12 06:25:10 UTC,228,0.0,0.0,0.0,0.0,21.36,68.19,-502.0,22.9
2018-04-12 06:35:10 UTC,229,0.0,0.0,0.0,0.01,21.61,67.7,-500.0,22.9
2018-04-12 06:45:09 UTC,230,0.0,0.0,0.0,0.0,21.87,66.26,-502.0,22.85
2018-04-12 06:55:10 UTC,231,0.0,0.0,0.0,-0.0,21.9,66.08,-502.0,22.85
2018-04-12 07:05:08 UTC,232,0.0,0.0,0.0,-0.01,21.96,66.56,-502.0,22.8
2018-04-12 07:15:08 UTC,233,0.0,0.0,0.0,-0.01,21.73,66.55,-502.0,22.8
2018-04-12 07:25:07 UTC,234,0.0,0.0,0.0,-0.01,22.08,65.74,-503.0,22.8
2018-04-12 07:35:07 UTC,235,0.0,0.0,0.0,-0.01,21.67,67.68,-503.0,22.74
2018-04-12 07:45:06 UTC,236,0.0,0.0,0.0,-0.01,21.52,67.94,-502.0,22.74
2018-04-12 07:55:06 UTC,237,0.0,0.0,0.0,-0.01,21.32,68.2,-503.0,22.69
2018-04-12 08:05:05 UTC,238,0.0,0.0,0.0,0.02,21.56,68.6,-501.0,22.69
2018-04-12 08:15:04 UTC,239,0.0,0.0,0.0,0.02,21.61,69.01,-504.0,22.63
2018-04-12 08:25:04 UTC,240,0.0,0.0,0.0,-0.01,21.81,67.8,-504.0,22.63
2018-04-12 08:35:03 UTC,241,0.0,0.0,0.0,0.0,21.64,68.41,-503.0,22.63
2018-04-12 08:45:02 UTC,242,0.0,0.0,0.0,0.02,21.52,69.17,-503.0,22.58
2018-04-12 08:55:01 UTC,243,0.0,0.0,0.0,0.02,21.4,68.88,-505.0,22.58
2018-04-12 09:05:00 UTC,244,0.0,0.0,0.0,0.02,21.18,70.21,-505.0,22.52
2018-04-12 09:14:59 UTC,245,0.0,0.0,0.0,-0.01,21.29,70.23,-506.0,22.47
2018-04-12 09:24:59 UTC,246,0.0,0.0,0.0,0.0,20.73,71.41,-507.0,22.47
2018-04-12 09:34:58 UTC,247,0.0,0.0,0.0,0.02,20.88,71.14,-507.0,22.42
2018-04-12 09:44:57 UTC,248,0.0,0.0,0.0,0.0,20.95,70.98,-508.0,22.42
2018-04-12 09:54:56 UTC,249,0.0,0.0,0.0,0.0,20.75,70.68,-507.0,22.36
2018-04-12 10:04:55 UTC,250,0.0,0.0,0.0,0.0,21.32,69.42,-509.0,22.31
2018-04-12 10:14:54 UTC,251,0.0,0.0,0.0,0.0,21.48,68.77,-508.0,22.31
2018-04-12 10:24:53 UTC,252,0.0,0.0,0.0,-0.01,21.28,69.53,-508.0,22.31
2018-04-12 10:34:52 UTC,253,0.0,0.0,0.0,0.0,21.29,70.24,-508.0,22.31
2018-04-12 10:44:52 UTC,254,1.0,1.0,6.0,-0.01,21.12,70.9,-509.0,22.25
2018-04-12 10:54:51 UTC,255,7.0,2.0,96.0,0.0,21.12,70.99,-509.0,22.25
2018-04-12 11:04:50 UTC,256,27.0,9.0,362.0,0.03,21.18,70.74,-510.0,22.25
2018-04-12 11:14:49 UTC,257,51.0,19.0,667.0,0.03,20.9,69.83,-511.0,22.2
2018-04-12 11:24:48 UTC,258,83.0,31.0,1084.0,0.06,20.85,70.46,-511.0,22.2
2018-04-12 11:34:47 UTC,259,115.0,45.0,1484.0,0.06,21.0,68.76,-511.0,22.15
2018-04-12 11:44:47 UTC,260,146.0,57.0,1885.0,0.06,20.57,70.11,-511.0,22.15
2018-04-12 11:54:46 UTC,261,172.0,68.0,2213.0,0.1,21.7,67.62,-510.0,22.15
2018-04-12 12:04:45 UTC,262,190.0,77.0,2428.0,0.1,21.65,67.71,-511.0,22.09
2018-04-12 12:14:44 UTC,263,222.0,89.0,2845.0,0.11,20.93,70.08,-510.0,22.09
2018-04-12 12:24:43 UTC,264,279.0,113.0,3565.0,0.09,21.46,70.07,-510.0,22.09
2018-04-12 12:34:43 UTC,265,360.0,145.0,4608.0,0.14,21.2,70.36,-510.0,22.09
2018-04-12 12:44:43 UTC,266,411.0,163.0,5283.0,0.14,21.84,68.93,-511.0,22.09
2018-04-12 12:54:41 UTC,267,490.0,194.0,6302.0,0.18,21.66,69.02,-511.0,22.09
2018-04-12 13:04:41 UTC,268,538.0,216.0,6892.0,0.19,21.56,68.46,-512.0,22.09
2018-04-12 13:14:40 UTC,269,609.0,246.0,7788.0,0.22,21.69,68.82,-512.0,22.09
2018-04-12 13:24:40 UTC,270,702.0,286.0,8955.0,0.23,21.95,69.58,-512.0,22.09
2018-04-12 13:34:40 UTC,271,840.0,349.0,10655.0,0.26,22.21,68.42,-513.0,22.09
2018-04-12 13:44:40 UTC,272,1121.0,462.0,14253.0,0.37,22.14,68.76,-513.0,22.09
2018-04-12 13:54:40 UTC,273,1353.0,550.0,17271.0,0.43,22.27,67.98,-513.0,22.09
2018-04-12 14:04:40 UTC,274,1525.0,616.0,19502.0,0.51,22.22,67.4,-512.0,22.15
2018-04-12 14:14:40 UTC,275,1706.0,682.0,21881.0,0.52,22.34,67.75,-512.0,22.15
2018-04-12 14:24:41 UTC,276,1732.0,695.0,22191.0,0.55,22.64,67.39,-512.0,22.2
2018-04-12 14:34:42 UTC,277,1848.0,740.0,23691.0,0.6,23.32,65.9,-511.0,22.2
2018-04-12 14:44:42 UTC,278,1902.0,754.0,24452.0,0.59,23.6,64.64,-511.0,22.25
2018-04-12 14:54:43 UTC,279,1926.0,758.0,24811.0,0.59,23.56,65.36,-509.0,22.31
2018-04-12 15:04:44 UTC,280,1961.0,769.0,25287.0,0.6,22.84,66.62,-507.0,22.36
2018-04-12 15:14:45 UTC,281,2004.0,791.0,25795.0,0.64,22.46,67.08,-506.0,22.42
2018-04-12 15:24:47 UTC,282,1911.0,762.0,24528.0,0.6,22.6,69.68,-506.0,22.42
2018-04-12 15:34:48 UTC,283,2369.0,934.0,30503.0,0.76,21.53,72.88,-504.0,22.47
2018-04-12 15:44:49 UTC,284,1742.0,688.0,22419.0,0.55,21.21,73.51,-503.0,22.52
2018-04-12 15:54:50 UTC,285,2248.0,879.0,29011.0,0.72,22.63,68.98,-502.0,22.58
2018-04-12 16:04:51 UTC,286,3021.0,1210.0,29011.0,0.88,22.83,70.08,-502.0,22.58
2018-04-12 16:14:53 UTC,287,3162.0,1774.0,29011.0,1.31,22.96,67.72,-500.0,22.69
2018-04-12 16:24:55 UTC,288,3233.0,1703.0,29011.0,1.28,24.34,64.96,-497.0,22.74
2018-04-12 16:34:59 UTC,289,3233.0,4936.0,847.0,3.05,24.59,63.33,-495.0,22.85
2018-04-12 16:45:03 UTC,290,3233.0,4936.0,847.0,3.69,24.76,64.89,-492.0,23.01
2018-04-12 16:55:10 UTC,291,3492.0,1444.0,-21181.0,0.99,24.21,63.97,-486.0,23.17
2018-04-12 17:05:15 UTC,292,3096.0,1215.0,-25622.0,0.87,23.1,67.03,-483.0,23.34
2018-04-12 17:15:19 UTC,293,302.0,4634.0,1002.0,2.18,24.28,64.83,-484.0,23.44
2018-04-12 17:25:24 UTC,294,151.0,4785.0,924.0,2.18,24.83,64.96,-479.0,23.66
2018-04-12 17:35:30 UTC,295,0.0,4936.0,847.0,3.95,25.74,61.0,-477.0,23.88
2018-04-12 17:45:37 UTC,296,412.0,4524.0,1059.0,2.06,24.99,61.88,-472.0,24.09
2018-04-12 17:55:44 UTC,297,0.0,4936.0,847.0,3.25,24.5,63.23,-469.0,24.36
2018-04-12 18:05:51 UTC,298,0.0,4936.0,847.0,2.47,25.03,60.5,-467.0,24.58
2018-04-12 18:15:59 UTC,299,0.0,4936.0,847.0,3.09,25.83,60.87,-464.0,24.8
2018-04-12 18:26:06 UTC,300,2374.0,889.0,30991.0,0.67,24.25,65.0,-463.0,24.96
2018-04-12 18:36:11 UTC,301,1592.0,3344.0,5638.0,1.69,24.14,62.54,-466.0,25.07
2018-04-12 18:46:15 UTC,302,3358.0,1253.0,5638.0,0.99,24.35,62.28,-466.0,25.12
2018-04-12 18:56:19 UTC,303,2146.0,836.0,27722.0,0.58,23.19,63.61,-467.0,25.17
2018-04-12 19:06:22 UTC,304,1401.0,570.0,17880.0,0.52,23.74,62.87,-469.0,25.23
2018-04-12 19:16:24 UTC,305,2933.0,1160.0,17880.0,0.92,24.41,62.25,-470.0,25.23
2018-04-12 19:26:27 UTC,306,2248.0,874.0,29056.0,0.71,24.74,60.99,-471.0,25.23
2018-04-12 19:36:29 UTC,307,1772.0,699.0,22812.0,0.56,24.96,59.88,-471.0,25.28
2018-04-12 19:46:34 UTC,308,2509.0,1013.0,32090.0,0.73,23.46,66.74,-472.0,25.23
2018-04-12 19:56:34 UTC,309,1597.0,622.0,20631.0,0.46,23.96,65.66,-472.0,25.23
2018-04-12 20:06:36 UTC,310,1335.0,538.0,17084.0,0.4,23.36,67.27,-473.0,25.17
2018-04-12 20:16:38 UTC,311,1413.0,559.0,18176.0,0.41,23.48,67.2,-474.0,25.17
2018-04-12 20:26:40 UTC,312,1270.0,503.0,16331.0,0.25,23.71,67.43,-474.0,25.17
2018-04-12 20:36:42 UTC,313,861.0,336.0,11117.0,0.24,22.74,68.25,-475.0,25.17
2018-04-12 20:46:43 UTC,314,530.0,207.0,6842.0,0.14,24.21,65.49,-476.0,25.12
2018-04-12 20:56:44 UTC,315,485.0,187.0,6283.0,0.14,24.21,64.81,-475.0,25.12
2018-04-12 21:06:46 UTC,316,417.0,165.0,5364.0,0.14,23.85,67.09,-476.0,25.07
2018-04-12 21:16:46 UTC,317,399.0,158.0,5131.0,0.22,23.6,67.85,-476.0,25.01
2018-04-12 21:26:48 UTC,318,395.0,153.0,5111.0,0.13,22.27,72.29,-477.0,25.01
2018-04-12 21:36:48 UTC,319,369.0,143.0,4774.0,0.12,22.05,73.37,-478.0,24.96
2018-04-12 21:46:48 UTC,320,320.0,127.0,4113.0,0.1,23.13,70.06,-478.0,24.9
2018-04-12 21:56:48 UTC,321,304.0,122.0,3895.0,0.09,23.78,67.5,-479.0,24.85
2018-04-12 22:06:49 UTC,322,248.0,96.0,3209.0,0.09,23.31,68.92,-479.0,24.85
2018-04-12 22:16:49 UTC,323,206.0,75.0,2709.0,0.09,23.41,68.66,-479.0,24.8
2018-04-12 22:26:49 UTC,324,174.0,62.0,2300.0,0.05,23.52,68.95,-479.0,24.69
2018-04-12 22:36:49 UTC,325,153.0,56.0,2009.0,0.05,23.54,68.47,-481.0,24.69
2018-04-12 22:46:50 UTC,326,110.0,42.0,1429.0,0.04,23.34,67.99,-482.0,24.63
2018-04-12 22:56:50 UTC,327,58.0,26.0,719.0,0.04,23.61,68.14,-482.0,24.58
2018-04-12 23:06:50 UTC,328,17.0,6.0,225.0,-0.01,23.24,69.16,-482.0,24.58
2018-04-12 23:16:50 UTC,329,3.0,2.0,31.0,-0.01,22.99,69.67,-482.0,24.53
2018-04-12 23:26:50 UTC,330,0.0,0.0,0.0,-0.01,22.68,69.76,-483.0,24.47
2018-04-12 23:36:49 UTC,331,0.0,0.0,0.0,-0.01,23.13,67.88,-483.0,24.42
2018-04-12 23:46:49 UTC,332,0.0,0.0,0.0,0.02,23.04,68.37,-483.0,24.36
2018-04-12 23:56:49 UTC,333,0.0,0.0,0.0,-0.01,23.11,68.39,-484.0,24.31
2018-04-13 00:06:49 UTC,334,0.0,0.0,0.0,0.02,23.23,67.73,-485.0,24.31
2018-04-13 00:16:49 UTC,335,0.0,0.0,0.0,0.02,22.72,69.03,-484.0,24.26
2018-04-13 00:26:49 UTC,336,0.0,0.0,0.0,0.02,22.3,68.9,-485.0,24.2
2018-04-13 00:36:48 UTC,337,0.0,0.0,0.0,0.02,22.11,69.47,-486.0,24.15
2018-04-13 00:46:48 UTC,338,0.0,0.0,0.0,0.0,22.38,67.35,-486.0,24.09
2018-04-13 00:56:48 UTC,339,0.0,0.0,0.0,0.0,23.21,65.66,-486.0,24.04
2018-04-13 01:06:47 UTC,340,0.0,0.0,0.0,-0.01,21.93,68.27,-487.0,23.98
2018-04-13 01:16:47 UTC,341,0.0,0.0,0.0,-0.01,22.24,68.07,-488.0,23.98
2018-04-13 01:26:46 UTC,342,0.0,0.0,0.0,-0.01,22.52,67.24,-488.0,23.93
2018-04-13 01:36:45 UTC,343,0.0,0.0,0.0,-0.01,22.43,67.32,-488.0,23.88
2018-04-13 01:46:45 UTC,344,0.0,0.0,0.0,0.0,21.75,68.7,-489.0,23.82
2018-04-13 01:56:44 UTC,345,0.0,0.0,0.0,-0.01,21.69,68.1,-488.0,23.77
2018-04-13 02:06:44 UTC,346,0.0,0.0,0.0,-0.01,21.64,68.03,-489.0,23.77
2018-04-13 02:16:43 UTC,347,0.0,0.0,0.0,0.02,21.69,67.53,-489.0,23.66
2018-04-13 02:26:42 UTC,348,0.0,0.0,0.0,0.02,21.74,66.97,-489.0,23.66
2018-04-13 02:36:42 UTC,349,0.0,0.0,0.0,0.02,21.49,68.12,-489.0,23.61
2018-04-13 02:46:41 UTC,350,0.0,0.0,0.0,0.02,21.32,68.23,-490.0,23.55
2018-04-13 02:56:40 UTC,351,0.0,0.0,0.0,0.02,21.16,68.23,-491.0,23.5
2018-04-13 03:06:39 UTC,352,0.0,0.0,0.0,0.02,21.0,68.41,-491.0,23.44
2018-04-13 03:16:39 UTC,353,0.0,0.0,0.0,-0.01,21.4,66.64,-491.0,23.39
2018-04-13 03:26:38 UTC,354,0.0,0.0,0.0,0.03,20.9,67.85,-492.0,23.34
2018-04-13 03:36:37 UTC,355,0.0,0.0,0.0,0.02,20.96,67.3,-492.0,23.28
2018-04-13 03:46:36 UTC,356,0.0,0.0,0.0,0.02,20.72,67.78,-493.0,23.28
2018-04-13 03:56:35 UTC,357,0.0,0.0,0.0,0.02,20.93,66.84,-493.0,23.23
2018-04-13 04:06:34 UTC,358,0.0,0.0,0.0,0.07,20.94,67.2,-493.0,23.17
2018-04-13 04:16:33 UTC,359,0.0,0.0,0.0,0.04,20.87,66.83,-494.0,23.12
2018-04-13 04:26:32 UTC,360,0.0,0.0,0.0,0.02,20.81,66.79,-494.0,23.07
2018-04-13 04:36:31 UTC,361,0.0,0.0,0.0,0.02,20.88,66.24,-494.0,23.01
2018-04-13 04:46:30 UTC,362,0.0,0.0,0.0,0.02,20.69,66.58,-495.0,23.01
2018-04-13 04:56:29 UTC,363,0.0,0.0,0.0,0.02,20.48,67.18,-495.0,22.96
2018-04-13 05:06:28 UTC,364,0.0,0.0,0.0,0.02,20.57,67.26,-495.0,22.9
2018-04-13 05:16:27 UTC,365,0.0,0.0,0.0,0.02,20.44,66.86,-495.0,22.85
2018-04-13 05:26:26 UTC,366,0.0,0.0,0.0,0.02,20.52,66.76,-496.0,22.8
2018-04-13 05:36:24 UTC,367,0.0,0.0,0.0,0.02,20.57,66.23,-497.0,22.74
2018-04-13 05:46:23 UTC,368,0.0,0.0,0.0,0.02,20.51,66.37,-498.0,22.69
2018-04-13 05:56:22 UTC,369,0.0,0.0,0.0,0.02,20.62,65.49,-498.0,22.69
2018-04-13 06:06:21 UTC,370,0.0,0.0,0.0,0.02,20.42,66.07,-498.0,22.63
2018-04-13 06:16:20 UTC,371,0.0,0.0,0.0,0.02,20.67,65.01,-499.0,22.58
2018-04-13 06:26:19 UTC,372,0.0,0.0,0.0,0.02,20.44,65.51,-499.0,22.52
2018-04-13 06:36:17 UTC,373,0.0,0.0,0.0,-0.02,20.14,66.53,-499.0,22.52
2018-04-13 11:15:41 UTC,374,186.0,102.0,2136.0,0.1,20.32,64.76,-504.0,21.55
2018-04-13 11:25:39 UTC,375,295.0,167.0,3340.0,0.14,20.47,64.76,-504.0,21.5
2018-04-13 11:35:38 UTC,376,368.0,191.0,4324.0,0.14,20.43,64.3,-503.0,21.5
2018-04-13 11:45:37 UTC,377,336.0,134.0,4312.0,0.14,20.56,63.68,-504.0,21.44
2018-04-13 11:55:36 UTC,378,422.0,165.0,5446.0,0.18,20.76,64.42,-503.0,21.44
2018-04-13 12:05:36 UTC,379,553.0,226.0,7048.0,0.18,20.8,62.66,-504.0,21.39
2018-04-13 12:15:35 UTC,380,957.0,458.0,11593.0,0.3,21.58,60.8,-503.0,21.44
2018-04-13 12:25:35 UTC,381,835.0,354.0,10527.0,0.26,21.9,59.1,-503.0,21.44
2018-04-13 12:35:34 UTC,382,910.0,405.0,11299.0,0.26,22.76,57.38,-503.0,21.39
2018-04-13 12:45:35 UTC,383,1334.0,639.0,16155.0,0.3,23.29,55.7,-503.0,21.39
2018-04-13 12:55:35 UTC,384,1915.0,933.0,23049.0,0.51,25.04,51.85,-502.0,21.44
2018-04-13 13:05:37 UTC,385,2112.0,973.0,25926.0,0.54,24.67,54.33,-501.0,21.5
2018-04-13 13:15:39 UTC,386,1850.0,801.0,23173.0,0.5,24.16,57.42,-499.0,21.5
2018-04-13 13:25:41 UTC,387,2051.0,972.0,24932.0,0.48,23.57,60.33,-498.0,21.55
2018-04-13 13:35:44 UTC,388,1555.0,630.0,19869.0,0.38,25.29,58.32,-498.0,21.61
2018-04-13 13:45:47 UTC,389,2712.0,2224.0,23073.0,0.59,26.28,55.53,-497.0,21.66
2018-04-13 13:55:51 UTC,390,3103.0,1464.0,23073.0,0.7,24.12,59.04,-495.0,21.71
2018-04-13 14:05:56 UTC,391,2753.0,2183.0,24271.0,1.13,24.15,59.72,-493.0,21.82
2018-04-13 14:15:58 UTC,392,2106.0,869.0,26767.0,0.58,24.52,59.85,-492.0,21.88
2018-04-13 14:26:02 UTC,393,2975.0,1206.0,26767.0,0.82,22.99,64.08,-492.0,21.98
2018-04-13 14:36:05 UTC,394,3335.0,1363.0,26767.0,0.91,23.4,63.06,-489.0,22.04
2018-04-13 15:30:41 UTC,395,2832.0,1122.0,-29121.0,0.76,25.02,59.51,-482.0,22.58
2018-04-13 15:40:46 UTC,396,2108.0,850.0,26971.0,0.57,24.74,60.1,-481.0,22.69
2018-04-13 15:50:49 UTC,397,1561.0,650.0,19787.0,0.4,23.88,61.55,-480.0,22.74
2018-04-13 16:00:52 UTC,398,972.0,441.0,11993.0,0.24,24.12,61.69,-480.0,22.8
2018-04-13 16:10:56 UTC,399,2175.0,879.0,27811.0,0.65,24.07,62.74,-480.0,22.85
2018-04-13 16:20:57 UTC,400,2026.0,814.0,25949.0,0.61,22.93,64.56,-479.0,22.9
2018-04-13 16:30:59 UTC,401,2246.0,909.0,28707.0,0.65,24.42,60.87,-480.0,22.96
2018-04-13 16:41:01 UTC,402,3288.0,1648.0,28707.0,1.23,24.86,58.59,-479.0,23.01
2018-04-13 16:51:05 UTC,403,3330.0,1606.0,28707.0,1.17,25.55,56.69,-477.0,23.12
2018-04-13 17:01:09 UTC,404,2918.0,1175.0,28707.0,0.76,25.99,57.96,-476.0,23.17
2018-04-13 17:11:13 UTC,405,3164.0,1772.0,28707.0,1.35,25.38,57.23,-474.0,23.28
2018-04-13 17:21:17 UTC,406,2894.0,1168.0,28707.0,0.82,26.23,55.29,-475.0,23.39
2018-04-13 17:31:21 UTC,407,2438.0,997.0,31068.0,0.65,26.63,56.18,-474.0,23.44
2018-04-13 17:41:25 UTC,408,3513.0,1423.0,31068.0,1.06,26.57,54.89,-473.0,23.55
2018-04-14 03:29:08 UTC,409,0.0,0.0,0.0,0.02,22.2,66.08,-493.0,23.28
2018-04-14 03:49:07 UTC,410,0.0,0.0,0.0,-0.01,21.93,67.28,-490.0,23.17
2018-04-14 03:59:08 UTC,411,0.0,0.0,0.0,0.0,22.64,65.83,-491.0,23.17
2018-04-14 04:09:06 UTC,412,0.0,0.0,0.0,0.0,22.72,66.02,-489.0,23.12
2018-04-14 04:19:06 UTC,413,0.0,0.0,0.0,0.0,22.04,66.98,-489.0,23.12
2018-04-14 04:29:04 UTC,414,0.0,0.0,0.0,-0.01,22.08,66.83,-489.0,23.12
2018-04-14 04:39:04 UTC,415,0.0,0.0,0.0,0.0,21.75,67.42,-489.0,23.07
2018-04-14 04:49:04 UTC,416,0.0,0.0,0.0,-0.01,21.43,67.81,-489.0,23.01
2018-04-14 04:59:02 UTC,417,0.0,0.0,0.0,0.04,21.68,66.57,-489.0,23.01
2018-04-14 05:09:02 UTC,418,0.0,0.0,0.0,0.02,21.57,66.88,-488.0,23.01
2018-04-14 05:19:01 UTC,419,0.0,0.0,0.0,-0.01,21.5,68.07,-489.0,22.96
2018-04-14 05:39:00 UTC,420,0.0,0.0,0.0,0.02,22.16,66.7,-488.0,22.9
2018-04-14 05:48:59 UTC,421,0.0,0.0,0.0,0.02,21.73,66.55,-488.0,22.85
2018-04-14 05:58:59 UTC,422,0.0,0.0,0.0,-0.01,21.61,67.82,-488.0,22.85
2018-04-14 06:08:58 UTC,423,0.0,0.0,0.0,0.02,21.69,67.84,-488.0,22.85
2018-04-14 06:18:57 UTC,424,0.0,0.0,0.0,0.02,21.44,68.08,-488.0,22.8
2018-04-14 06:28:57 UTC,425,0.0,0.0,0.0,0.02,21.58,67.51,-488.0,22.8
2018-04-14 06:38:56 UTC,426,0.0,0.0,0.0,0.02,21.66,67.11,-487.0,22.8
2018-04-14 06:48:55 UTC,427,0.0,0.0,0.0,0.02,21.8,66.56,-487.0,22.74
2018-04-14 06:58:55 UTC,428,0.0,0.0,0.0,-0.03,21.73,67.12,-487.0,22.74
2018-04-14 07:08:55 UTC,429,0.0,0.0,0.0,0.02,22.2,65.49,-487.0,22.69
2018-04-14 07:18:53 UTC,430,0.0,0.0,0.0,0.02,21.44,68.13,-487.0,22.69
2018-04-14 07:38:52 UTC,431,0.0,0.0,0.0,0.02,21.9,65.89,-487.0,22.63
2018-04-14 07:48:51 UTC,432,0.0,0.0,0.0,0.03,22.0,66.81,-487.0,22.63
2018-04-14 07:58:51 UTC,433,0.0,0.0,0.0,-0.02,22.0,66.48,-488.0,22.58
2018-04-14 08:08:51 UTC,434,0.0,0.0,0.0,-0.02,21.98,66.63,-488.0,22.58
2018-04-14 08:18:50 UTC,435,0.0,0.0,0.0,-0.02,21.85,67.71,-487.0,22.58
2018-04-14 08:28:49 UTC,436,0.0,0.0,0.0,-0.02,21.89,67.66,-487.0,22.52
2018-04-14 08:38:49 UTC,437,0.0,0.0,0.0,0.02,21.8,69.39,-496.0,22.52
2018-04-14 08:48:48 UTC,438,0.0,0.0,0.0,0.02,21.65,70.13,-500.0,22.52
2018-04-14 08:58:48 UTC,439,0.0,0.0,0.0,0.02,21.72,69.89,-502.0,22.47
2018-04-14 09:08:47 UTC,440,0.0,0.0,0.0,0.02,21.64,70.25,-502.0,22.42
2018-04-14 09:18:46 UTC,441,0.0,0.0,0.0,-0.02,21.48,69.93,-503.0,22.42
2018-04-14 09:28:45 UTC,442,0.0,0.0,0.0,0.02,21.54,68.75,-504.0,22.36
2018-04-14 09:48:44 UTC,443,0.0,0.0,0.0,0.02,20.88,70.88,-506.0,22.31
2018-04-14 10:08:42 UTC,444,0.0,0.0,0.0,0.02,21.23,70.34,-507.0,22.2
2018-04-14 10:18:41 UTC,445,0.0,0.0,0.0,0.02,21.29,69.92,-508.0,22.2
2018-04-14 11:08:37 UTC,446,3.0,1.0,40.0,0.02,21.23,70.34,-511.0,21.98
2018-04-14 11:18:36 UTC,447,13.0,4.0,176.0,0.02,20.55,72.43,-511.0,21.93
2018-04-14 11:38:34 UTC,448,69.0,27.0,890.0,0.06,20.59,72.39,-514.0,21.77
2018-04-14 11:48:33 UTC,449,148.0,60.0,1891.0,0.06,20.52,72.6,-515.0,21.71
2018-04-14 11:58:32 UTC,450,264.0,108.0,3364.0,0.1,20.36,71.84,-515.0,21.66
2018-04-14 12:08:31 UTC,451,368.0,152.0,4676.0,0.14,20.55,71.42,-514.0,21.66
2018-04-14 12:18:30 UTC,452,513.0,222.0,6427.0,0.18,20.85,71.37,-513.0,21.66
2018-04-14 12:28:29 UTC,453,886.0,385.0,11086.0,0.3,21.25,69.7,-515.0,21.66
2018-04-14 12:38:29 UTC,454,1195.0,503.0,15099.0,0.38,21.97,69.38,-510.0,21.66
2018-04-14 12:48:29 UTC,455,1316.0,550.0,16663.0,0.42,22.29,68.69,-509.0,21.66
2018-04-14 12:58:29 UTC,456,1395.0,582.0,17672.0,0.46,21.98,68.81,-506.0,21.71
2018-04-14 13:08:29 UTC,457,1588.0,677.0,19987.0,0.5,22.35,69.22,-502.0,21.77
2018-04-14 13:18:29 UTC,458,1907.0,838.0,23776.0,0.54,22.2,67.28,-501.0,21.77
2018-04-14 13:28:30 UTC,459,1992.0,874.0,24848.0,0.58,22.41,67.53,-500.0,21.82
2018-04-14 13:38:31 UTC,460,2459.0,1155.0,29986.0,0.62,23.2,65.6,-499.0,21.88
2018-04-14 13:48:32 UTC,461,2173.0,2763.0,11661.0,1.02,23.96,65.23,-497.0,21.93
2018-04-14 13:58:34 UTC,462,2691.0,1177.0,11661.0,0.7,23.5,63.66,-495.0,21.98
2018-04-14 14:08:36 UTC,463,2748.0,1144.0,11661.0,0.74,23.26,66.18,-493.0,22.04
2018-04-14 14:18:38 UTC,464,3052.0,1246.0,11661.0,0.87,23.21,67.56,-492.0,22.09
2018-04-14 14:28:40 UTC,465,2716.0,1095.0,11661.0,0.79,22.71,68.49,-492.0,22.15
2018-04-14 14:48:44 UTC,466,2130.0,864.0,27206.0,0.58,21.49,69.77,-489.0,22.25
2018-04-14 14:58:46 UTC,467,2633.0,1091.0,27206.0,0.74,21.99,67.79,-488.0,22.36
2018-04-14 15:18:50 UTC,468,2967.0,1136.0,10237.0,0.86,24.2,64.9,-484.0,22.47
2018-04-14 15:28:53 UTC,469,3053.0,1185.0,10237.0,0.91,23.4,65.14,-482.0,22.58
2018-04-14 15:38:56 UTC,470,3315.0,1298.0,10237.0,0.98,23.16,65.83,-481.0,22.63
2018-04-14 15:48:59 UTC,471,3499.0,1437.0,10237.0,1.03,23.16,64.12,-480.0,22.69
2018-04-14 15:59:02 UTC,472,2264.0,2672.0,12982.0,1.44,24.03,64.26,-478.0,22.8
2018-04-14 16:09:05 UTC,473,2510.0,2426.0,17172.0,1.4,24.46,59.83,-477.0,22.9
2018-04-14 16:19:11 UTC,474,3376.0,1560.0,17172.0,1.05,25.44,59.46,-475.0,23.01
2018-04-14 16:39:19 UTC,475,3376.0,4936.0,847.0,2.53,25.14,62.04,-472.0,23.23
2018-04-14 16:49:24 UTC,476,2888.0,2048.0,28215.0,1.35,25.14,62.78,-470.0,23.39
2018-04-14 16:59:30 UTC,477,3075.0,1190.0,28215.0,0.79,23.8,65.47,-466.0,23.55
2018-04-14 17:09:36 UTC,478,3402.0,1534.0,28215.0,1.05,24.79,60.61,-463.0,23.71
2018-04-14 17:19:41 UTC,479,3322.0,1255.0,28215.0,0.98,23.53,64.16,-462.0,23.88
2018-04-14 17:29:46 UTC,480,3322.0,4936.0,847.0,4.51,25.41,59.46,-459.0,24.04
2018-04-14 17:39:53 UTC,481,3322.0,4936.0,847.0,3.87,24.44,61.46,-454.0,24.31
2018-04-14 17:50:01 UTC,482,256.0,4680.0,978.0,1.94,24.78,61.12,-451.0,24.53
2018-04-14 18:00:08 UTC,483,3657.0,1228.0,-16518.0,0.97,25.48,60.64,-448.0,24.8
2018-04-14 18:10:15 UTC,484,3657.0,4936.0,847.0,3.29,24.46,62.13,-446.0,25.01
2018-04-14 18:20:22 UTC,485,2033.0,718.0,26931.0,0.49,24.24,62.03,-443.0,25.23
2018-04-14 18:30:29 UTC,486,2136.0,756.0,28281.0,0.44,25.2,60.44,-442.0,25.44
2018-04-14 18:40:33 UTC,487,2136.0,4936.0,847.0,2.61,24.28,61.47,-442.0,25.55
2018-04-14 18:50:38 UTC,488,1342.0,457.0,17930.0,0.36,24.62,60.85,-443.0,25.71
2018-04-14 19:00:42 UTC,489,1807.0,695.0,23424.0,0.52,24.17,59.63,-444.0,25.77
2018-04-14 19:10:44 UTC,490,1372.0,505.0,17990.0,0.44,23.83,61.14,-446.0,25.82
2018-04-14 19:20:47 UTC,491,2317.0,894.0,30009.0,0.69,24.5,56.19,-447.0,25.88
2018-04-14 19:30:52 UTC,492,2610.0,1038.0,30009.0,0.76,25.1,54.47,-449.0,25.82
2018-04-14 19:40:53 UTC,493,2385.0,924.0,30856.0,0.67,25.6,56.07,-450.0,25.82
2018-04-14 19:50:56 UTC,494,1868.0,721.0,24192.0,0.55,24.08,56.51,-451.0,25.82
2018-04-14 20:00:59 UTC,495,1718.0,667.0,22214.0,0.49,24.9,55.51,-452.0,25.77
2018-04-14 20:11:02 UTC,496,1525.0,585.0,19782.0,0.43,24.84,56.99,-453.0,25.71
2018-04-14 20:21:04 UTC,497,1853.0,717.0,23981.0,0.56,25.23,56.11,-454.0,25.66
2018-04-14 20:31:07 UTC,498,1511.0,602.0,19399.0,0.41,25.41,56.7,-454.0,25.66
2018-04-14 20:41:10 UTC,499,1606.0,620.0,20797.0,0.45,24.39,60.36,-455.0,25.61
2018-04-14 20:51:11 UTC,500,1465.0,553.0,19085.0,0.41,24.85,57.86,-456.0,25.61
2018-04-14 21:01:14 UTC,501,1096.0,438.0,14059.0,0.25,24.7,59.59,-455.0,25.55
2018-04-14 21:11:16 UTC,502,461.0,165.0,6087.0,0.11,23.31,63.2,-457.0,25.5
2018-04-14 21:21:17 UTC,503,261.0,99.0,3396.0,0.06,23.77,62.6,-457.0,25.44
2018-04-14 21:31:18 UTC,504,331.0,114.0,4411.0,0.08,23.68,62.61,-459.0,25.44
2018-04-14 21:41:19 UTC,505,314.0,110.0,4168.0,0.11,22.89,64.56,-458.0,25.39
2018-04-14 21:51:20 UTC,506,197.0,71.0,2597.0,0.11,22.44,66.93,-459.0,25.34
2018-04-14 22:01:21 UTC,507,217.0,76.0,2880.0,0.03,22.21,68.2,-460.0,25.28
2018-04-14 22:11:22 UTC,508,148.0,51.0,1972.0,0.02,22.93,67.15,-461.0,25.17
2018-04-14 22:21:22 UTC,509,110.0,34.0,1489.0,0.02,22.6,67.34,-460.0,25.17
2018-04-14 22:31:22 UTC,510,62.0,16.0,856.0,0.02,22.87,67.71,-462.0,25.12
2018-04-14 22:41:23 UTC,511,58.0,14.0,806.0,0.02,22.63,68.17,-463.0,25.07
2018-04-14 22:51:23 UTC,512,41.0,10.0,570.0,0.02,23.13,66.89,-463.0,25.01
2018-04-14 23:01:23 UTC,513,20.0,5.0,277.0,-0.02,23.32,65.29,-463.0,24.96
2018-04-14 23:11:23 UTC,514,6.0,2.0,80.0,-0.06,22.97,65.37,-463.0,24.96
2018-04-14 23:21:23 UTC,515,1.0,0.0,14.0,-0.02,23.57,63.36,-464.0,24.9
2018-04-14 23:31:23 UTC,516,0.0,0.0,0.0,-0.02,23.12,65.4,-464.0,24.85
2018-04-14 23:41:24 UTC,517,0.0,0.0,0.0,-0.02,23.29,64.7,-464.0,24.8
2018-04-14 23:51:24 UTC,518,0.0,0.0,0.0,-0.02,22.98,65.07,-464.0,24.74
2018-04-15 00:01:24 UTC,519,0.0,0.0,0.0,-0.02,23.5,63.76,-466.0,24.74
2018-04-15 00:11:24 UTC,520,0.0,0.0,0.0,-0.02,23.57,62.84,-465.0,24.63
2018-04-15 00:21:24 UTC,521,0.0,0.0,0.0,-0.02,23.71,61.43,-465.0,24.63
2018-04-15 00:31:24 UTC,522,0.0,0.0,0.0,-0.02,22.94,64.5,-466.0,24.58
2018-04-15 00:41:24 UTC,523,0.0,0.0,0.0,-0.02,23.52,62.86,-466.0,24.53
2018-04-15 00:51:24 UTC,524,0.0,0.0,0.0,-0.02,23.14,61.77,-466.0,24.47
2018-04-15 01:01:23 UTC,525,0.0,0.0,0.0,-0.02,23.05,62.96,-468.0,24.47
2018-04-15 01:11:23 UTC,526,0.0,0.0,0.0,-0.02,22.4,64.22,-468.0,24.42
2018-04-15 01:21:23 UTC,527,0.0,0.0,0.0,-0.02,22.96,63.31,-468.0,24.36
2018-04-15 01:31:23 UTC,528,0.0,0.0,0.0,-0.02,23.23,63.18,-468.0,24.31
2018-04-15 01:41:23 UTC,529,0.0,0.0,0.0,-0.02,23.45,63.1,-468.0,24.31
2018-04-15 01:51:22 UTC,530,0.0,0.0,0.0,-0.02,22.84,63.39,-468.0,24.26
2018-04-15 02:01:22 UTC,531,0.0,0.0,0.0,-0.03,22.83,62.39,-469.0,24.2
2018-04-15 02:11:23 UTC,532,0.0,0.0,0.0,-0.02,22.92,62.66,-469.0,24.2
2018-04-15 02:21:23 UTC,533,0.0,0.0,0.0,-0.02,22.69,62.71,-470.0,24.15
2018-04-15 02:31:23 UTC,534,0.0,0.0,0.0,-0.02,22.4,62.37,-469.0,24.09
2018-04-15 02:41:22 UTC,535,0.0,0.0,0.0,-0.02,22.29,61.46,-470.0,24.04
2018-04-15 02:51:22 UTC,536,0.0,0.0,0.0,-0.02,22.77,61.32,-471.0,24.04
2018-04-15 03:01:22 UTC,537,0.0,0.0,0.0,-0.02,23.07,60.19,-470.0,23.98
2018-04-15 03:11:22 UTC,538,0.0,0.0,0.0,-0.02,22.85,60.4,-471.0,23.93
2018-04-15 03:21:22 UTC,539,0.0,0.0,0.0,-0.02,22.57,60.75,-471.0,23.93
2018-04-15 03:31:22 UTC,540,0.0,0.0,0.0,-0.02,22.65,60.18,-471.0,23.88
2018-04-15 03:41:22 UTC,541,0.0,0.0,0.0,-0.02,22.49,59.23,-471.0,23.82
2018-04-15 03:51:21 UTC,542,0.0,0.0,0.0,-0.02,22.44,59.66,-472.0,23.82
2018-04-15 04:01:21 UTC,543,0.0,0.0,0.0,-0.02,22.54,59.96,-472.0,23.77
2018-04-15 04:11:21 UTC,544,0.0,0.0,0.0,-0.02,22.32,60.74,-473.0,23.77
2018-04-15 04:21:21 UTC,545,0.0,0.0,0.0,-0.02,22.36,59.4,-473.0,23.71
2018-04-15 04:31:20 UTC,546,0.0,0.0,0.0,-0.02,22.83,57.86,-473.0,23.66
2018-04-15 04:41:20 UTC,547,0.0,0.0,0.0,-0.02,21.83,60.37,-473.0,23.66
2018-04-15 04:51:20 UTC,548,0.0,0.0,0.0,-0.02,22.44,59.36,-474.0,23.61
2018-04-15 05:01:19 UTC,549,0.0,0.0,0.0,-0.02,21.83,61.71,-474.0,23.55
2018-04-15 05:11:19 UTC,550,0.0,0.0,0.0,-0.02,21.28,61.55,-474.0,23.5
2018-04-15 05:21:18 UTC,551,0.0,0.0,0.0,-0.02,21.44,62.66,-474.0,23.44
2018-04-15 05:31:17 UTC,552,0.0,0.0,0.0,-0.02,21.51,61.41,-475.0,23.44
2018-04-15 05:41:17 UTC,553,0.0,0.0,0.0,-0.02,21.74,61.38,-476.0,23.39
2018-04-15 05:51:16 UTC,554,0.0,0.0,0.0,-0.02,21.18,62.49,-476.0,23.34
2018-04-15 06:01:16 UTC,555,0.0,0.0,0.0,-0.02,21.32,61.52,-477.0,23.34
2018-04-15 06:11:15 UTC,556,0.0,0.0,0.0,0.02,20.99,62.24,-477.0,23.28
2018-04-15 06:21:14 UTC,557,0.0,0.0,0.0,0.02,21.13,60.9,-478.0,23.23
2018-04-15 06:31:13 UTC,558,0.0,0.0,0.0,0.02,21.12,61.77,-478.0,23.17
2018-04-16 03:39:10 UTC,559,0.0,0.0,0.0,-0.01,22.59,59.15,-458.0,24.69
2018-04-16 03:49:09 UTC,560,0.0,0.0,0.0,-0.01,22.78,57.98,-459.0,24.63
2018-04-16 03:59:09 UTC,561,0.0,0.0,0.0,-0.01,23.23,56.17,-459.0,24.58
2018-04-16 04:09:10 UTC,562,0.0,0.0,0.0,-0.01,23.29,56.96,-459.0,24.58
2018-04-16 04:19:09 UTC,563,0.0,0.0,0.0,-0.01,22.51,58.48,-459.0,24.53
2018-04-16 04:29:08 UTC,564,0.0,0.0,0.0,-0.01,22.21,57.29,-460.0,24.47
2018-04-16 04:39:08 UTC,565,0.0,0.0,0.0,-0.05,22.32,58.13,-460.0,24.42
2018-04-16 04:49:08 UTC,566,0.0,0.0,0.0,-0.01,22.53,57.08,-461.0,24.36
2018-04-16 04:59:07 UTC,567,0.0,0.0,0.0,-0.05,22.54,57.53,-461.0,24.31
2018-04-16 05:09:07 UTC,568,0.0,0.0,0.0,-0.05,22.43,58.47,-461.0,24.31
2018-04-16 05:19:07 UTC,569,0.0,0.0,0.0,-0.05,22.24,58.24,-462.0,24.26
2018-04-16 05:29:07 UTC,570,0.0,0.0,0.0,-0.05,22.21,58.27,-462.0,24.2
2018-04-16 05:39:07 UTC,571,0.0,0.0,0.0,-0.01,22.2,58.51,-463.0,24.15
2018-04-16 05:49:06 UTC,572,0.0,0.0,0.0,-0.05,22.36,58.17,-463.0,24.15
2018-04-16 05:59:06 UTC,573,0.0,0.0,0.0,-0.01,22.16,58.2,-463.0,24.09
2018-04-16 06:09:06 UTC,574,0.0,0.0,0.0,-0.01,22.25,58.02,-463.0,24.04
2018-04-16 06:19:06 UTC,575,0.0,0.0,0.0,-0.01,22.16,58.9,-463.0,23.98
2018-04-16 06:29:07 UTC,576,0.0,0.0,0.0,-0.01,22.24,57.96,-465.0,23.93
2018-04-16 06:39:05 UTC,577,0.0,0.0,0.0,-0.01,22.35,58.3,-464.0,23.88
2018-04-16 06:49:05 UTC,578,0.0,0.0,0.0,-0.01,21.93,58.22,-465.0,23.88
2018-04-16 06:59:04 UTC,579,0.0,0.0,0.0,-0.01,21.96,58.92,-465.0,23.82
2018-04-16 07:09:04 UTC,580,0.0,0.0,0.0,-0.01,22.27,58.1,-465.0,23.82
2018-04-16 07:19:03 UTC,581,0.0,0.0,0.0,-0.01,22.07,59.01,-465.0,23.77
2018-04-16 07:29:03 UTC,582,0.0,0.0,0.0,-0.01,22.2,59.28,-465.0,23.71
2018-04-16 07:39:02 UTC,583,0.0,0.0,0.0,-0.01,21.88,59.94,-465.0,23.71
2018-04-16 07:49:02 UTC,584,0.0,0.0,0.0,-0.01,22.0,59.4,-466.0,23.66
2018-04-16 07:59:02 UTC,585,0.0,0.0,0.0,-0.01,22.18,59.15,-466.0,23.66
2018-04-16 08:09:04 UTC,586,0.0,0.0,0.0,-0.01,22.22,59.54,-466.0,23.61
2018-04-16 08:19:01 UTC,587,0.0,0.0,0.0,-0.01,22.19,58.78,-466.0,23.61
2018-04-16 08:29:01 UTC,588,0.0,0.0,0.0,-0.01,22.15,58.39,-467.0,23.55
2018-04-16 08:39:01 UTC,589,0.0,0.0,0.0,-0.01,22.12,58.89,-467.0,23.55
2018-04-16 08:49:01 UTC,590,0.0,0.0,0.0,-0.01,22.19,58.9,-467.0,23.5
2018-04-16 08:59:01 UTC,591,0.0,0.0,0.0,-0.01,22.24,58.91,-468.0,23.44
2018-04-16 09:09:00 UTC,592,0.0,0.0,0.0,-0.01,22.2,59.09,-467.0,23.44
2018-04-16 09:19:00 UTC,593,0.0,0.0,0.0,-0.01,22.16,59.59,-468.0,23.44
2018-04-16 09:29:00 UTC,594,0.0,0.0,0.0,-0.05,22.24,59.45,-467.0,23.39
2018-04-16 09:39:00 UTC,595,0.0,0.0,0.0,0.01,22.02,60.45,-467.0,23.39
2018-04-16 09:48:59 UTC,596,0.0,0.0,0.0,-0.05,22.19,58.9,-467.0,23.39
2018-04-16 09:58:59 UTC,597,0.0,0.0,0.0,-0.05,22.6,58.56,-468.0,23.34
2018-04-16 10:08:59 UTC,598,0.0,0.0,0.0,-0.05,22.17,59.5,-468.0,23.34
2018-04-16 10:18:59 UTC,599,0.0,0.0,0.0,-0.01,22.32,59.59,-468.0,23.34
2018-04-16 10:28:59 UTC,600,0.0,0.0,0.0,-0.01,22.28,59.92,-468.0,23.28
2018-04-16 10:38:58 UTC,601,1.0,0.0,14.0,-0.05,22.18,60.44,-468.0,23.28
2018-04-16 10:48:59 UTC,602,5.0,3.0,55.0,-0.01,22.33,59.93,-467.0,23.23
2018-04-16 10:58:58 UTC,603,16.0,6.0,209.0,-0.01,22.36,59.81,-468.0,23.23
2018-04-16 11:08:58 UTC,604,41.0,17.0,520.0,-0.01,22.28,60.8,-468.0,23.23
2018-04-16 11:18:58 UTC,605,76.0,29.0,987.0,-0.01,22.12,61.46,-468.0,23.17
2018-04-16 11:28:57 UTC,606,171.0,71.0,2169.0,0.03,22.06,60.98,-468.0,23.17
2018-04-16 11:38:57 UTC,607,293.0,127.0,3669.0,0.07,22.37,60.25,-468.0,23.17
2018-04-16 11:48:57 UTC,608,449.0,193.0,5637.0,0.12,22.64,58.67,-468.0,23.17
2018-04-16 11:58:57 UTC,609,574.0,245.0,7222.0,0.16,22.94,58.46,-468.0,23.17
2018-04-16 12:08:58 UTC,610,735.0,315.0,9236.0,0.25,23.28,57.24,-468.0,23.12
2018-04-16 12:18:58 UTC,611,991.0,436.0,12351.0,0.28,23.69,55.99,-470.0,23.17
2018-04-16 12:28:59 UTC,612,1196.0,533.0,14844.0,0.32,24.43,54.03,-467.0,23.17
2018-04-16 12:39:00 UTC,613,1299.0,575.0,16158.0,0.32,24.84,52.82,-466.0,23.17
2018-04-16 12:49:02 UTC,614,1582.0,710.0,19590.0,0.4,25.6,51.31,-466.0,23.17
2018-04-16 12:59:06 UTC,615,1597.0,706.0,19873.0,0.4,23.56,57.74,-465.0,23.23
2018-04-16 13:09:06 UTC,616,1766.0,792.0,21874.0,0.44,24.49,53.36,-465.0,23.28
2018-04-16 13:19:08 UTC,617,1869.0,817.0,23341.0,0.49,23.68,58.77,-463.0,23.28
2018-04-16 13:29:10 UTC,618,2734.0,1306.0,23341.0,0.57,23.26,58.83,-464.0,23.34
2018-04-16 13:39:13 UTC,619,3004.0,1424.0,23341.0,0.61,25.23,53.14,-462.0,23.39
2018-04-16 13:49:16 UTC,620,2956.0,1419.0,23341.0,0.57,25.31,53.15,-462.0,23.39
2018-04-16 13:59:20 UTC,621,3233.0,1703.0,23341.0,0.68,26.56,51.04,-462.0,23.5
2018-04-16 14:09:24 UTC,622,2397.0,2539.0,14914.0,0.61,25.8,51.1,-460.0,23.55
2018-04-16 14:19:29 UTC,623,2397.0,4936.0,847.0,0.44,26.97,50.54,-461.0,23.61
2018-04-16 14:29:34 UTC,624,2397.0,4936.0,847.0,0.36,28.14,47.58,-461.0,23.66
2018-04-16 14:39:40 UTC,625,2397.0,4936.0,847.0,0.32,26.19,50.96,-461.0,23.71
2018-04-16 14:49:46 UTC,626,2397.0,4936.0,847.0,0.44,28.19,47.45,-460.0,23.77
2018-04-16 14:59:52 UTC,627,2397.0,4936.0,847.0,0.77,29.08,46.09,-459.0,23.82
2018-04-16 15:20:07 UTC,628,2889.0,1160.0,-28528.0,0.73,26.36,51.12,-454.0,23.98
2018-04-16 15:40:21 UTC,629,3230.0,1348.0,30284.0,0.77,27.56,50.05,-453.0,24.2
2018-04-16 15:50:23 UTC,630,3230.0,4936.0,847.0,1.39,27.87,47.78,-454.0,24.26
2018-04-16 16:00:31 UTC,631,3230.0,4936.0,847.0,2.66,28.25,46.63,-451.0,24.36
2018-04-16 16:10:40 UTC,632,3230.0,4936.0,847.0,2.46,28.96,46.28,-451.0,24.47
2018-04-16 16:20:48 UTC,633,3230.0,4936.0,847.0,2.46,28.76,48.25,-449.0,24.58
2018-04-16 16:30:55 UTC,634,2719.0,1044.0,-30274.0,0.67,26.16,50.76,-447.0,24.63
2018-04-16 16:41:02 UTC,635,2719.0,4936.0,847.0,3.46,28.07,49.25,-446.0,24.74
2018-04-16 16:51:09 UTC,636,2035.0,758.0,26602.0,0.55,26.64,51.23,-443.0,24.85
2018-04-16 17:01:14 UTC,637,2046.0,748.0,26874.0,0.52,27.69,50.0,-440.0,25.07
2018-04-16 17:11:20 UTC,638,3232.0,1103.0,26874.0,1.74,27.36,48.91,-437.0,25.28
2018-04-16 17:21:27 UTC,639,3232.0,4936.0,847.0,3.65,27.21,50.57,-435.0,25.5
2018-04-16 17:31:32 UTC,640,3232.0,4936.0,847.0,2.85,27.77,48.69,-431.0,25.71
2018-04-16 17:41:38 UTC,641,1446.0,523.0,19044.0,0.28,27.62,46.9,-427.0,25.99
2018-04-16 17:51:44 UTC,642,1446.0,4936.0,847.0,3.41,27.12,49.25,-429.0,26.15
2018-04-16 18:01:50 UTC,643,1446.0,4936.0,847.0,3.21,29.44,47.0,-425.0,26.36
2018-04-16 18:11:57 UTC,644,1446.0,4936.0,847.0,2.14,27.52,48.25,-424.0,26.58
2018-04-16 18:22:04 UTC,645,3258.0,1678.0,-27142.0,1.27,27.37,50.6,-422.0,26.8
2018-04-16 18:32:10 UTC,646,3258.0,4936.0,847.0,2.5,27.52,49.67,-422.0,27.01
2018-04-16 18:42:17 UTC,647,3258.0,4936.0,847.0,2.3,27.44,50.88,-419.0,27.23
2018-04-16 18:52:26 UTC,648,785.0,4151.0,1251.0,1.63,27.05,50.28,-419.0,27.39
2018-04-16 19:02:30 UTC,649,1386.0,500.0,18265.0,0.36,27.72,50.85,-419.0,27.5
2018-04-16 19:12:34 UTC,650,912.0,302.0,12238.0,0.28,25.68,52.75,-421.0,27.61
2018-04-16 19:22:37 UTC,651,1034.0,356.0,13780.0,0.28,26.32,52.08,-422.0,27.61
2018-04-16 19:32:41 UTC,652,1276.0,467.0,16755.0,0.36,26.8,52.58,-422.0,27.66
2018-04-16 19:42:44 UTC,653,996.0,361.0,13110.0,0.32,26.04,53.39,-425.0,27.66
2018-04-16 19:52:47 UTC,654,1033.0,383.0,13520.0,0.28,26.89,51.97,-427.0,27.61
2018-04-16 20:02:49 UTC,655,1028.0,395.0,13329.0,0.32,26.17,53.58,-428.0,27.61
2018-04-16 20:12:52 UTC,656,1055.0,405.0,13683.0,0.28,25.99,54.11,-428.0,27.55
2018-04-16 20:22:56 UTC,657,965.0,369.0,12529.0,0.24,25.57,55.81,-429.0,27.5
2018-04-16 20:32:57 UTC,658,977.0,381.0,12617.0,0.28,25.54,56.0,-430.0,27.5
2018-04-16 20:43:00 UTC,659,1129.0,440.0,14583.0,0.32,25.79,54.84,-431.0,27.45
2018-04-16 20:53:02 UTC,660,944.0,378.0,12102.0,0.28,25.79,55.13,-431.0,27.39
2018-04-16 21:03:04 UTC,661,785.0,313.0,10076.0,0.2,25.88,54.59,-433.0,27.39
2018-04-16 21:13:07 UTC,662,700.0,279.0,8986.0,0.16,26.25,54.49,-434.0,27.34
2018-04-16 21:23:09 UTC,663,747.0,297.0,9596.0,0.2,26.35,54.63,-433.0,27.28
2018-04-16 21:33:11 UTC,664,634.0,254.0,8127.0,0.16,26.48,53.96,-433.0,27.28
2018-04-16 21:43:13 UTC,665,549.0,221.0,7028.0,0.12,26.36,55.16,-433.0,27.23
2018-04-16 21:53:15 UTC,666,561.0,224.0,7198.0,0.16,25.24,56.93,-434.0,27.23
2018-04-16 22:03:17 UTC,667,508.0,204.0,6507.0,0.12,25.69,56.68,-435.0,27.17
2018-04-16 22:13:19 UTC,668,392.0,158.0,5016.0,0.07,25.81,55.26,-435.0,27.17
2018-04-16 22:23:21 UTC,669,308.0,124.0,3943.0,0.03,26.14,55.28,-435.0,27.12
2018-04-16 22:33:22 UTC,670,231.0,95.0,2939.0,0.03,26.07,55.7,-435.0,27.07
2018-04-16 22:43:24 UTC,671,131.0,54.0,1665.0,0.03,26.0,56.0,-436.0,27.07
2018-04-16 22:53:25 UTC,672,52.0,18.0,692.0,-0.01,25.8,55.98,-437.0,27.01
2018-04-16 23:03:27 UTC,673,20.0,6.0,272.0,-0.01,25.81,56.95,-437.0,26.96
2018-04-16 23:13:28 UTC,674,5.0,1.0,71.0,-0.07,25.33,56.98,-438.0,26.9
2018-04-16 23:23:29 UTC,675,1.0,0.0,14.0,-0.06,25.36,56.69,-438.0,26.9
2018-04-16 23:33:30 UTC,676,0.0,0.0,0.0,-0.03,25.39,58.46,-438.0,26.85
2018-04-16 23:43:31 UTC,677,0.0,0.0,0.0,-0.03,25.36,59.0,-439.0,26.8
2018-04-16 23:53:32 UTC,678,0.0,0.0,0.0,-0.02,24.95,60.01,-439.0,26.74
2018-04-17 00:03:33 UTC,679,0.0,0.0,0.0,-0.03,24.8,60.06,-440.0,26.69
2018-04-17 00:13:33 UTC,680,0.0,0.0,0.0,-0.02,24.48,61.03,-440.0,26.63
2018-04-17 00:23:34 UTC,681,0.0,0.0,0.0,-0.03,24.59,60.7,-441.0,26.58
2018-04-17 00:33:34 UTC,682,0.0,0.0,0.0,-0.04,24.38,60.83,-441.0,26.53
2018-04-17 00:43:35 UTC,683,0.0,0.0,0.0,-0.03,24.08,60.87,-442.0,26.47
2018-04-17 00:53:36 UTC,684,0.0,0.0,0.0,-0.01,23.64,62.11,-442.0,26.42
2018-04-17 01:03:36 UTC,685,0.0,0.0,0.0,-0.02,23.72,61.9,-443.0,26.36
2018-04-17 01:13:36 UTC,686,0.0,0.0,0.0,-0.04,23.84,61.55,-444.0,26.31
2018-04-17 01:23:37 UTC,687,0.0,0.0,0.0,-0.0,23.53,61.4,-444.0,26.26
2018-04-17 01:33:37 UTC,688,0.0,0.0,0.0,-0.01,23.44,61.88,-445.0,26.15
2018-04-17 01:43:38 UTC,689,0.0,0.0,0.0,0.08,23.53,60.71,-446.0,26.09
2018-04-17 01:53:38 UTC,690,0.0,0.0,0.0,-0.01,24.12,58.76,-446.0,26.04
2018-04-17 02:03:38 UTC,691,0.0,0.0,0.0,-0.01,24.74,57.74,-446.0,25.99
2018-04-17 02:13:39 UTC,692,0.0,0.0,0.0,-0.02,23.96,59.24,-445.0,25.93
2018-04-17 02:23:39 UTC,693,0.0,0.0,0.0,-0.02,23.85,60.26,-447.0,25.93
2018-04-17 02:33:39 UTC,694,0.0,0.0,0.0,-0.01,23.78,61.13,-447.0,25.88
2018-04-17 02:43:39 UTC,695,0.0,0.0,0.0,-0.02,23.09,60.73,-448.0,25.82
2018-04-17 02:53:45 UTC,696,0.0,0.0,0.0,-0.04,23.24,60.28,-447.0,25.77
2018-04-17 03:03:40 UTC,697,0.0,0.0,0.0,0.0,23.34,59.31,-448.0,25.71
2018-04-17 03:13:41 UTC,698,0.0,0.0,0.0,-0.03,23.39,58.72,-449.0,25.66
2018-04-17 03:23:41 UTC,699,0.0,0.0,0.0,-0.03,23.64,58.49,-448.0,25.61
2018-04-17 03:33:42 UTC,700,0.0,0.0,0.0,-0.03,23.46,58.54,-448.0,25.61
2018-04-17 03:43:42 UTC,701,0.0,0.0,0.0,-0.03,23.39,57.97,-450.0,25.55
2018-04-17 03:53:42 UTC,702,0.0,0.0,0.0,-0.02,23.66,56.47,-449.0,25.5
2018-04-17 04:03:42 UTC,703,0.0,0.0,0.0,-0.03,23.31,57.41,-449.0,25.44
2018-04-17 04:13:43 UTC,704,0.0,0.0,0.0,-0.01,23.25,56.85,-450.0,25.39
2018-04-17 04:23:43 UTC,705,0.0,0.0,0.0,-0.02,23.84,55.66,-451.0,25.34
2018-04-17 04:33:43 UTC,706,0.0,0.0,0.0,-0.02,23.72,56.07,-451.0,25.34
2018-04-17 04:43:44 UTC,707,0.0,0.0,0.0,-0.0,24.44,55.89,-451.0,25.28
2018-04-17 04:53:44 UTC,708,0.0,0.0,0.0,-0.02,23.8,57.97,-451.0,25.23
2018-04-17 05:03:45 UTC,709,0.0,0.0,0.0,-0.02,23.53,59.45,-451.0,25.23
2018-04-17 05:13:45 UTC,710,0.0,0.0,0.0,-0.04,23.64,58.07,-450.0,25.17
2018-04-17 05:23:45 UTC,711,0.0,0.0,0.0,0.0,23.39,59.5,-451.0,25.17
2018-04-17 05:33:45 UTC,712,0.0,0.0,0.0,0.0,23.61,59.53,-451.0,25.12
2018-04-17 05:43:46 UTC,713,0.0,0.0,0.0,-0.01,23.79,58.7,-451.0,25.12
2018-04-17 05:53:46 UTC,714,0.0,0.0,0.0,0.01,23.56,59.33,-451.0,25.07
2018-04-17 06:03:47 UTC,715,0.0,0.0,0.0,0.03,23.31,59.41,-452.0,25.07
2018-04-17 06:13:47 UTC,716,0.0,0.0,0.0,0.04,23.61,58.92,-452.0,25.01
2018-04-17 06:23:46 UTC,717,0.0,0.0,0.0,-0.04,23.72,59.38,-452.0,24.96
2018-04-17 06:33:47 UTC,718,0.0,0.0,0.0,-0.04,23.25,59.3,-452.0,24.96
2018-04-17 06:43:47 UTC,719,0.0,0.0,0.0,0.0,23.27,59.25,-453.0,24.96
2018-04-17 06:53:47 UTC,720,0.0,0.0,0.0,0.0,23.33,59.03,-453.0,24.9
2018-04-17 07:03:48 UTC,721,0.0,0.0,0.0,0.0,23.59,59.7,-452.0,24.85
2018-04-17 07:13:47 UTC,722,0.0,0.0,0.0,0.0,22.85,63.51,-453.0,24.85
2018-04-17 07:23:49 UTC,723,0.0,0.0,0.0,0.07,22.76,64.1,-453.0,24.8
2018-04-17 07:33:48 UTC,724,0.0,0.0,0.0,-0.04,23.24,63.61,-453.0,24.8
2018-04-17 07:43:48 UTC,725,0.0,0.0,0.0,0.0,23.31,63.48,-453.0,24.74
2018-04-17 07:53:48 UTC,726,0.0,0.0,0.0,0.0,22.8,63.59,-454.0,24.74
2018-04-17 08:03:48 UTC,727,0.0,0.0,0.0,0.0,22.62,63.8,-454.0,24.69
2018-04-17 08:13:48 UTC,728,0.0,0.0,0.0,0.0,22.46,63.74,-454.0,24.69
2018-04-17 08:23:49 UTC,729,0.0,0.0,0.0,0.0,22.48,63.47,-454.0,24.69
2018-04-17 08:33:48 UTC,730,0.0,0.0,0.0,0.0,22.4,63.64,-455.0,24.63
2018-04-17 08:43:52 UTC,731,0.0,0.0,0.0,0.0,22.2,64.92,-455.0,24.58
2018-04-17 08:53:48 UTC,732,0.0,0.0,0.0,0.0,22.32,64.73,-456.0,24.58
2018-04-17 09:03:48 UTC,733,0.0,0.0,0.0,0.0,22.32,64.08,-455.0,24.53
2018-04-17 09:13:48 UTC,734,0.0,0.0,0.0,0.0,22.31,64.42,-456.0,24.47
2018-04-17 09:23:48 UTC,735,0.0,0.0,0.0,0.0,22.12,63.92,-457.0,24.47
2018-04-17 09:33:48 UTC,736,0.0,0.0,0.0,0.01,22.76,62.04,-456.0,24.47
2018-04-17 09:43:47 UTC,737,0.0,0.0,0.0,-0.01,21.88,66.31,-457.0,24.42
2018-04-17 09:53:47 UTC,738,0.0,0.0,0.0,0.0,20.99,72.94,-457.0,24.36
2018-04-17 10:03:47 UTC,739,0.0,0.0,0.0,0.0,19.72,72.64,-460.0,24.31
2018-04-17 10:13:46 UTC,740,0.0,0.0,0.0,0.0,19.72,70.14,-462.0,24.2
2018-04-17 10:23:45 UTC,741,0.0,0.0,0.0,-0.04,20.64,68.6,-464.0,24.04
2018-04-17 10:33:44 UTC,742,0.0,0.0,0.0,0.0,20.05,72.78,-466.0,23.88
2018-04-17 10:43:43 UTC,743,0.0,0.0,0.0,-0.01,20.01,71.27,-467.0,23.77
2018-04-17 10:53:42 UTC,744,0.0,0.0,0.0,-0.04,20.38,70.86,-469.0,23.61
2018-04-17 11:03:41 UTC,745,2.0,0.0,28.0,0.0,20.05,72.0,-470.0,23.5
2018-04-17 11:13:40 UTC,746,3.0,1.0,40.0,0.0,19.93,71.46,-472.0,23.34
2018-04-17 11:23:39 UTC,747,6.0,1.0,86.0,0.0,20.36,70.46,-473.0,23.23
2018-04-17 11:33:38 UTC,748,9.0,2.0,126.0,0.0,20.45,70.03,-475.0,23.12
2018-04-17 11:43:37 UTC,749,15.0,4.0,207.0,0.04,20.72,69.57,-476.0,23.01
2018-04-17 11:53:36 UTC,750,22.0,6.0,302.0,0.03,20.6,69.91,-478.0,22.85
2018-04-17 12:03:35 UTC,751,35.0,9.0,484.0,0.04,20.52,71.67,-478.0,22.69
2018-04-17 12:13:34 UTC,752,58.0,17.0,790.0,0.04,20.47,71.08,-480.0,22.58
2018-04-17 12:23:33 UTC,753,102.0,31.0,1384.0,0.08,20.04,72.64,-480.0,22.47
2018-04-17 12:33:32 UTC,754,159.0,53.0,2132.0,0.08,20.54,70.92,-482.0,22.31
2018-04-17 12:43:31 UTC,755,209.0,74.0,2767.0,0.08,20.2,70.55,-484.0,22.25
2018-04-17 12:53:30 UTC,756,260.0,95.0,3415.0,0.12,20.28,70.7,-484.0,22.15
2018-04-17 13:03:29 UTC,757,293.0,109.0,3831.0,0.12,20.24,71.62,-484.0,22.09
2018-04-17 13:13:28 UTC,758,353.0,133.0,4601.0,0.15,20.88,70.24,-484.0,22.09
2018-04-17 13:23:27 UTC,759,390.0,148.0,5074.0,0.16,20.25,69.66,-485.0,22.09
2018-04-17 13:33:26 UTC,760,426.0,163.0,5530.0,0.16,20.46,68.88,-485.0,22.04
2018-04-17 13:43:25 UTC,761,486.0,188.0,6290.0,0.19,21.24,68.07,-486.0,22.04
2018-04-17 13:53:25 UTC,762,542.0,213.0,6985.0,0.2,21.02,68.77,-486.0,22.04
2018-04-17 14:03:24 UTC,763,594.0,234.0,7650.0,0.2,21.34,68.41,-485.0,22.04
2018-04-17 14:13:23 UTC,764,643.0,256.0,8257.0,0.24,21.04,67.73,-485.0,22.04
2018-04-17 14:23:23 UTC,765,699.0,279.0,8969.0,0.24,21.86,65.82,-483.0,22.04
2018-04-17 14:33:22 UTC,766,739.0,296.0,9473.0,0.24,21.67,67.59,-482.0,22.04
2018-04-17 14:43:22 UTC,767,803.0,325.0,10263.0,0.28,21.53,67.2,-481.0,22.04
2018-04-17 14:53:22 UTC,768,903.0,367.0,11528.0,0.32,22.04,66.64,-483.0,22.09
2018-04-17 15:03:22 UTC,769,1047.0,429.0,13334.0,0.32,22.12,64.68,-484.0,22.09
2018-04-17 15:13:22 UTC,770,1217.0,503.0,15460.0,0.38,21.45,66.38,-484.0,22.09
2018-04-17 15:23:22 UTC,771,1411.0,587.0,17890.0,0.46,22.07,65.35,-481.0,22.15
2018-04-17 15:33:22 UTC,772,1647.0,684.0,20893.0,0.51,22.27,66.42,-483.0,22.15
2018-04-17 15:43:22 UTC,773,1857.0,768.0,23586.0,0.55,22.48,66.58,-480.0,22.2
2018-04-17 15:53:22 UTC,774,1963.0,811.0,24940.0,0.6,22.76,64.96,-478.0,22.2
2018-04-17 16:03:23 UTC,775,2025.0,840.0,25697.0,0.73,23.08,63.18,-476.0,22.25
2018-04-17 16:13:24 UTC,776,2186.0,909.0,27720.0,0.67,24.18,60.54,-476.0,22.36
2018-04-17 16:23:25 UTC,777,2505.0,1039.0,31790.0,0.77,22.94,66.28,-472.0,22.42
2018-04-17 16:33:27 UTC,778,3006.0,1237.0,31790.0,0.9,21.96,69.7,-470.0,22.47
2018-04-17 16:43:28 UTC,779,3388.0,1548.0,31790.0,1.16,23.32,66.47,-469.0,22.52
2018-04-17 16:53:31 UTC,780,1817.0,3119.0,7252.0,1.8,23.72,63.92,-467.0,22.63
2018-04-17 17:03:33 UTC,781,1653.0,3283.0,6075.0,1.85,25.18,59.55,-462.0,22.8
2018-04-17 17:13:37 UTC,782,1783.0,3153.0,7008.0,1.85,26.76,56.01,-457.0,22.96
2018-04-17 17:23:42 UTC,783,854.0,4082.0,1286.0,2.09,27.46,53.35,-453.0,23.17
2018-04-17 17:33:47 UTC,784,873.0,4063.0,1296.0,2.09,25.6,54.77,-449.0,23.39
2018-04-17 17:43:52 UTC,785,2013.0,2923.0,9337.0,1.68,25.28,61.81,-446.0,23.61
2018-04-17 17:53:58 UTC,786,2281.0,2655.0,13229.0,1.6,24.71,62.24,-443.0,23.82
2018-04-17 18:04:03 UTC,787,709.0,4227.0,1211.0,1.93,25.18,63.01,-440.0,23.98
2018-04-17 18:14:18 UTC,788,3012.0,1924.0,31838.0,1.35,24.01,65.1,-440.0,24.2
2018-04-17 18:24:13 UTC,789,3116.0,1820.0,31838.0,1.31,24.25,64.04,-439.0,24.31
2018-04-17 18:34:17 UTC,790,2740.0,2196.0,23891.0,1.35,24.92,64.02,-438.0,24.47
2018-04-17 18:44:28 UTC,791,2740.0,4935.0,847.0,1.85,24.47,64.87,-437.0,24.58
2018-04-17 18:54:26 UTC,792,2918.0,1157.0,-28024.0,0.77,25.11,63.08,-436.0,24.74
2018-04-17 19:04:31 UTC,793,2636.0,1050.0,-31693.0,0.73,24.6,63.5,-436.0,24.85
2018-04-17 19:14:35 UTC,794,2595.0,1029.0,-32177.0,0.98,25.28,61.46,-435.0,24.9
2018-04-17 19:24:39 UTC,795,2158.0,820.0,28064.0,0.65,24.86,60.26,-436.0,25.01
2018-04-17 19:34:41 UTC,796,1794.0,673.0,23409.0,0.58,25.2,59.73,-437.0,25.07
2018-04-17 19:44:44 UTC,797,1615.0,592.0,21198.0,0.53,24.48,61.95,-436.0,25.07
2018-04-17 19:54:46 UTC,798,1479.0,536.0,19469.0,0.48,25.07,60.7,-437.0,25.12
2018-04-17 20:04:49 UTC,799,1383.0,497.0,18243.0,0.47,24.8,62.5,-438.0,25.12
2018-04-17 20:14:51 UTC,800,1374.0,508.0,17996.0,0.44,25.47,60.39,-438.0,25.12
2018-04-17 20:24:53 UTC,801,1240.0,449.0,16326.0,0.43,24.56,60.58,-439.0,25.12
2018-04-17 20:34:55 UTC,802,1180.0,427.0,15539.0,0.39,25.05,59.27,-439.0,25.07
2018-04-17 20:44:57 UTC,803,1148.0,417.0,15103.0,0.37,24.87,61.93,-440.0,25.07
2018-04-17 20:54:58 UTC,804,1149.0,427.0,15029.0,0.37,24.37,62.8,-441.0,25.12
2018-04-17 21:05:01 UTC,805,875.0,328.0,11420.0,0.26,25.13,62.54,-441.0,25.07
2018-04-17 21:15:02 UTC,806,798.0,302.0,10389.0,0.24,24.67,62.73,-442.0,25.07
2018-04-17 21:25:04 UTC,807,706.0,268.0,9184.0,0.2,24.58,63.12,-441.0,25.01
2018-04-17 21:35:05 UTC,808,621.0,235.0,8085.0,0.2,24.41,62.8,-443.0,25.01
2018-04-17 21:45:07 UTC,809,525.0,200.0,6823.0,0.16,23.84,64.71,-441.0,25.01
2018-04-17 21:55:08 UTC,810,457.0,172.0,5958.0,0.12,23.55,65.72,-443.0,24.96
2018-04-17 22:05:09 UTC,811,379.0,150.0,4875.0,0.12,23.92,64.82,-443.0,24.9
2018-04-17 22:15:10 UTC,812,270.0,110.0,3444.0,0.07,23.84,66.09,-443.0,24.9
2018-04-17 22:25:10 UTC,813,201.0,84.0,2545.0,0.08,23.63,67.26,-444.0,24.9
2018-04-17 22:35:11 UTC,814,182.0,75.0,2314.0,0.04,23.48,68.1,-444.0,24.85
2018-04-17 22:45:12 UTC,815,121.0,49.0,1546.0,0.03,24.02,67.22,-445.0,24.85
2018-04-17 22:55:13 UTC,816,60.0,23.0,778.0,-0.01,22.87,70.27,-445.0,24.8
2018-04-17 23:05:13 UTC,817,15.0,4.0,207.0,-0.01,23.92,67.41,-445.0,24.8
2018-04-17 23:15:13 UTC,818,2.0,1.0,24.0,-0.01,24.35,66.29,-445.0,24.74
2018-04-17 23:25:13 UTC,819,0.0,0.0,0.0,0.02,23.6,68.56,-445.0,24.69
2018-04-17 23:35:14 UTC,820,0.0,0.0,0.0,-0.01,24.03,66.7,-446.0,24.69
2018-04-17 23:45:15 UTC,821,0.0,0.0,0.0,0.0,24.43,64.51,-446.0,24.63
2018-04-17 23:55:14 UTC,822,0.0,0.0,0.0,-0.04,24.28,64.52,-446.0,24.63
2018-04-18 00:05:17 UTC,823,0.0,0.0,0.0,0.0,23.87,66.0,-447.0,24.63
2018-04-18 00:15:15 UTC,824,0.0,0.0,0.0,0.0,24.11,65.22,-447.0,24.58
2018-04-18 00:25:16 UTC,825,0.0,0.0,0.0,0.0,23.9,65.12,-447.0,24.53
2018-04-18 00:35:15 UTC,826,0.0,0.0,0.0,-0.04,23.67,65.08,-447.0,24.53
2018-04-18 00:45:16 UTC,827,0.0,0.0,0.0,-0.01,23.7,65.05,-447.0,24.47
2018-04-18 00:55:15 UTC,828,0.0,0.0,0.0,0.0,23.6,64.82,-448.0,24.47
2018-04-18 01:05:16 UTC,829,0.0,0.0,0.0,0.0,23.41,64.81,-449.0,24.42
2018-04-18 01:15:16 UTC,830,0.0,0.0,0.0,0.0,23.04,66.05,-449.0,24.42
2018-04-18 01:25:16 UTC,831,0.0,0.0,0.0,0.03,23.2,65.9,-449.0,24.36
2018-04-18 01:35:16 UTC,832,0.0,0.0,0.0,0.0,23.09,65.49,-449.0,24.36
2018-04-18 01:45:16 UTC,833,0.0,0.0,0.0,0.0,23.12,65.61,-449.0,24.31
2018-04-18 01:55:17 UTC,834,0.0,0.0,0.0,0.0,22.91,65.34,-450.0,24.26
2018-04-18 02:05:16 UTC,835,0.0,0.0,0.0,0.0,23.28,64.42,-450.0,24.26
2018-04-18 02:15:18 UTC,836,0.0,0.0,0.0,0.0,23.05,64.44,-451.0,24.2
2018-04-18 02:25:16 UTC,837,0.0,0.0,0.0,0.0,22.87,64.71,-451.0,24.2
2018-04-18 02:35:16 UTC,838,0.0,0.0,0.0,0.0,23.68,62.54,-451.0,24.15
2018-04-18 02:45:16 UTC,839,0.0,0.0,0.0,0.0,23.31,63.1,-452.0,24.15
2018-04-18 02:55:16 UTC,840,0.0,0.0,0.0,0.0,23.19,63.88,-451.0,24.09
2018-04-18 03:05:16 UTC,841,0.0,0.0,0.0,0.0,23.05,64.34,-451.0,24.04
2018-04-18 03:15:16 UTC,842,0.0,0.0,0.0,0.0,23.04,64.22,-452.0,24.04
2018-04-18 03:25:16 UTC,843,0.0,0.0,0.0,0.0,23.52,62.3,-452.0,23.98
2018-04-18 03:35:15 UTC,844,0.0,0.0,0.0,0.0,23.17,62.7,-453.0,23.98
2018-04-18 03:45:15 UTC,845,0.0,0.0,0.0,0.0,22.97,63.41,-453.0,23.93
2018-04-18 03:55:15 UTC,846,0.0,0.0,0.0,0.0,22.73,63.79,-453.0,23.93
2018-04-18 04:05:14 UTC,847,0.0,0.0,0.0,0.0,22.42,64.13,-453.0,23.88
2018-04-18 04:15:15 UTC,848,0.0,0.0,0.0,0.0,22.26,63.65,-454.0,23.88
2018-04-18 04:25:14 UTC,849,0.0,0.0,0.0,0.01,22.28,62.48,-454.0,23.82
2018-04-18 04:35:14 UTC,850,0.0,0.0,0.0,0.0,23.16,60.33,-454.0,23.77
2018-04-18 04:45:14 UTC,851,0.0,0.0,0.0,0.0,22.42,61.94,-454.0,23.77
2018-04-18 04:55:13 UTC,852,0.0,0.0,0.0,0.0,22.44,63.22,-455.0,23.71
2018-04-18 05:05:13 UTC,853,0.0,0.0,0.0,0.0,22.35,62.61,-455.0,23.71
2018-04-18 05:15:13 UTC,854,0.0,0.0,0.0,0.0,22.7,62.09,-455.0,23.66
2018-04-18 05:25:12 UTC,855,0.0,0.0,0.0,0.0,22.29,62.88,-456.0,23.66
2018-04-18 05:35:12 UTC,856,0.0,0.0,0.0,0.0,22.33,62.48,-456.0,23.61
2018-04-18 05:45:12 UTC,857,0.0,0.0,0.0,0.0,22.17,62.02,-456.0,23.61
2018-04-18 05:55:12 UTC,858,0.0,0.0,0.0,0.0,22.41,61.14,-456.0,23.55
2018-04-18 06:05:12 UTC,859,0.0,0.0,0.0,0.0,22.4,61.25,-457.0,23.55
2018-04-18 06:15:11 UTC,860,0.0,0.0,0.0,0.0,22.32,60.9,-456.0,23.5
2018-04-18 06:25:15 UTC,861,0.0,0.0,0.0,0.0,22.49,60.49,-457.0,23.44
2018-04-18 06:35:10 UTC,862,0.0,0.0,0.0,0.0,22.29,60.77,-457.0,23.44
2018-04-18 06:45:10 UTC,863,0.0,0.0,0.0,0.0,22.35,60.93,-457.0,23.39
2018-04-18 06:55:10 UTC,864,0.0,0.0,0.0,0.0,22.48,63.84,-457.0,23.39
2018-04-18 07:05:09 UTC,865,0.0,0.0,0.0,0.0,22.87,62.3,-457.0,23.39
2018-04-18 07:15:09 UTC,866,0.0,0.0,0.0,0.0,22.59,62.1,-457.0,23.39
2018-04-18 07:25:09 UTC,867,0.0,0.0,0.0,0.0,22.6,61.67,-457.0,23.34
2018-04-18 07:35:08 UTC,868,0.0,0.0,0.0,-0.01,22.25,61.73,-457.0,23.34
2018-04-18 07:45:08 UTC,869,0.0,0.0,0.0,0.0,22.08,62.89,-458.0,23.28
2018-04-18 07:55:08 UTC,870,0.0,0.0,0.0,0.0,22.2,62.43,-458.0,23.28
2018-04-18 08:05:10 UTC,871,0.0,0.0,0.0,0.02,22.24,62.53,-458.0,23.28
2018-04-18 08:15:07 UTC,872,0.0,0.0,0.0,-0.07,22.19,62.18,-458.0,23.23
